,song
user-bbb30e4e-7,Happy Birthday to You
user-623695b7-e,Ode to Joy 
user-49cee5d2-3,Take Me Out to the Ball Game
user-bd04d292-3,Over the Rainbow
user-c11f5707-5,Old MacDonald Had a Farm
user-e357904f-0,Für Elise
user-3e6a3d99-9,"Row, Row, Row Your Boat"
user-f0523b45-3,"Row, Row, Row Your Boat"
user-67067d9b-d,"Twinkle, Twinkle, Little Star"
user-9f8870a5-1,Für Elise
user-fbb91b55-f,Old MacDonald Had a Farm
user-94e09d5b-f,Für Elise
user-d74c4d0c-5,The Wheels on the Bus
user-7d7e016a-2,Take Me Out to the Ball Game
user-e6c91bfe-b,Mary Had a Little Lamb
user-c76307da-0,Happy Birthday to You
user-f9e44060-0,Happy Birthday to You
user-30377996-8,Over the Rainbow
user-60f8ef8a-2,Old MacDonald Had a Farm
user-c76307da-0,Take Me Out to the Ball Game
user-c352c48c-f,Take Me Out to the Ball Game
user-03523305-c,Over the Rainbow
user-0fb32d80-f,Mary Had a Little Lamb
user-afe52765-f,Old MacDonald Had a Farm
user-100de583-2,"Row, Row, Row Your Boat"
user-64ebfb40-5,The Wheels on the Bus
user-c265d188-b,Happy Birthday to You
user-5c60ba9e-8,The Wheels on the Bus
user-63883a89-9,Take Me Out to the Ball Game
user-03523305-c,Ode to Joy 
user-bf7e1c0e-5,Mary Had a Little Lamb
user-9c8b0c93-b,Over the Rainbow
user-ad49775a-b,The Wheels on the Bus
user-02d84481-f,Over the Rainbow
user-f816e198-e,"Row, Row, Row Your Boat"
user-1cd1a52f-4,Für Elise
user-a2b8fb90-8,"Twinkle, Twinkle, Little Star"
user-bbb30e4e-7,Für Elise
user-bdc45d45-a,Ode to Joy 
user-89af6a10-0,Take Me Out to the Ball Game
user-90c4a8ca-9,The Wheels on the Bus
user-b7059c17-9,The Wheels on the Bus
user-3562d947-a,Old MacDonald Had a Farm
user-8b6b1134-3,The Wheels on the Bus
user-4c6bf919-2,The Wheels on the Bus
user-6dbf2024-e,Mary Had a Little Lamb
user-f0c8dd06-5,Happy Birthday to You
user-f1459437-c,Ode to Joy 
user-1cd1a52f-4,"Row, Row, Row Your Boat"
user-825e4f36-4,Over the Rainbow
user-63b4a383-0,Over the Rainbow
user-5085be0d-e,Für Elise
user-5ca02cb1-1,Für Elise
user-64ebfb40-5,"Twinkle, Twinkle, Little Star"
user-a4004d0b-4,Mary Had a Little Lamb
user-5cff5877-9,Over the Rainbow
user-c03b50da-a,Mary Had a Little Lamb
user-a4004d0b-4,"Twinkle, Twinkle, Little Star"
user-0b660998-e,Take Me Out to the Ball Game
user-63600b31-d,Over the Rainbow
user-0b660998-e,Mary Had a Little Lamb
user-5e3efcf0-f,Happy Birthday to You
user-59acf8af-c,"Twinkle, Twinkle, Little Star"
user-e93cbc3c-8,Old MacDonald Had a Farm
user-623695b7-e,Old MacDonald Had a Farm
user-c9057c94-3,Happy Birthday to You
user-4e676b53-e,Für Elise
user-1602954f-8,Ode to Joy 
user-35cff8a7-8,Für Elise
user-f0c8dd06-5,Over the Rainbow
user-8217e412-7,Ode to Joy 
user-f8ffa8d9-6,Old MacDonald Had a Farm
user-acedc894-2,Over the Rainbow
user-dcb9fe3b-3,Take Me Out to the Ball Game
user-572d2095-2,Ode to Joy 
user-00ecc8cd-d,"Twinkle, Twinkle, Little Star"
user-40025fb7-5,Take Me Out to the Ball Game
user-0b660998-e,"Twinkle, Twinkle, Little Star"
user-fc987ed7-4,Happy Birthday to You
user-b50e380d-7,"Row, Row, Row Your Boat"
user-edefd480-d,Old MacDonald Had a Farm
user-e6c1468b-5,Over the Rainbow
user-776f70e4-f,Old MacDonald Had a Farm
user-b68364b9-d,"Row, Row, Row Your Boat"
user-f5bd8dd9-5,"Row, Row, Row Your Boat"
user-a634e3c3-0,"Twinkle, Twinkle, Little Star"
user-b72f9466-5,Mary Had a Little Lamb
user-bb476612-5,Ode to Joy 
user-8f1da684-f,Mary Had a Little Lamb
user-bc1c9675-5,Take Me Out to the Ball Game
user-00ecc8cd-d,Old MacDonald Had a Farm
user-12a25085-7,"Row, Row, Row Your Boat"
user-2382126a-e,Take Me Out to the Ball Game
user-34d465bc-f,Ode to Joy 
user-43e8862e-5,Take Me Out to the Ball Game
user-1c013e8a-7,Old MacDonald Had a Farm
user-320782c0-b,The Wheels on the Bus
user-ca15c1f4-7,"Row, Row, Row Your Boat"
user-8a4ee384-7,Over the Rainbow
user-08bdcb93-1,Take Me Out to the Ball Game
user-3894facd-3,Old MacDonald Had a Farm
user-f7e29603-b,The Wheels on the Bus
user-45457b45-9,The Wheels on the Bus
user-2382126a-e,Mary Had a Little Lamb
user-ed2a0c75-0,Over the Rainbow
user-08f5ced5-9,"Twinkle, Twinkle, Little Star"
user-32d54525-7,Take Me Out to the Ball Game
user-9c8b0c93-b,The Wheels on the Bus
user-129f3e27-f,Old MacDonald Had a Farm
user-ad49775a-b,Take Me Out to the Ball Game
user-9e313383-d,The Wheels on the Bus
user-f2f6e240-e,"Row, Row, Row Your Boat"
user-9c8b0c93-b,Für Elise
user-11b8d029-5,Old MacDonald Had a Farm
user-d9c9a210-e,"Row, Row, Row Your Boat"
user-9e102c32-3,"Twinkle, Twinkle, Little Star"
user-7d7e016a-2,Over the Rainbow
user-64c9ec5f-2,Mary Had a Little Lamb
user-f5bd8dd9-5,Over the Rainbow
user-a68cec48-2,Over the Rainbow
user-54815173-1,Old MacDonald Had a Farm
user-89b28c72-c,The Wheels on the Bus
user-3894facd-3,Happy Birthday to You
user-0eda3fa2-9,Mary Had a Little Lamb
user-9f7f2c15-f,Ode to Joy 
user-76762fd5-c,Happy Birthday to You
user-1c013e8a-7,Happy Birthday to You
user-bc1c9675-5,"Row, Row, Row Your Boat"
user-edaefef9-f,Over the Rainbow
user-e372d245-4,Old MacDonald Had a Farm
user-fc987ed7-4,Over the Rainbow
user-ff6b1884-d,Take Me Out to the Ball Game
user-e6c1468b-5,Für Elise
user-d949b854-1,Old MacDonald Had a Farm
user-f7e29603-b,"Twinkle, Twinkle, Little Star"
user-54815173-1,"Row, Row, Row Your Boat"
user-ddd363df-4,Für Elise
user-ef9153cd-8,Mary Had a Little Lamb
user-c5dc82a6-4,Old MacDonald Had a Farm
user-babd3ba9-6,Ode to Joy 
user-63883a89-9,"Row, Row, Row Your Boat"
user-27ef2845-e,Old MacDonald Had a Farm
user-83b0302d-5,"Twinkle, Twinkle, Little Star"
user-a12205ec-3,Take Me Out to the Ball Game
user-0ae99418-1,Mary Had a Little Lamb
user-505f17d7-3,The Wheels on the Bus
user-64e2236d-3,"Row, Row, Row Your Boat"
user-f0c8dd06-5,Ode to Joy 
user-0573af74-2,Mary Had a Little Lamb
user-f3cc9225-4,Mary Had a Little Lamb
user-f0943285-3,The Wheels on the Bus
user-12a25085-7,Ode to Joy 
user-d6294766-1,Take Me Out to the Ball Game
user-2037c2c4-5,Over the Rainbow
user-1cd1a52f-4,Für Elise
user-9054a313-f,"Row, Row, Row Your Boat"
user-d949b854-1,Take Me Out to the Ball Game
user-acdd7b0c-f,The Wheels on the Bus
user-c2599211-1,"Row, Row, Row Your Boat"
user-9f7f2c15-f,The Wheels on the Bus
user-9c8b0c93-b,Happy Birthday to You
user-f131b1ad-c,The Wheels on the Bus
user-e2e9ac82-a,"Row, Row, Row Your Boat"
user-7e265fdb-f,"Twinkle, Twinkle, Little Star"
user-c9057c94-3,"Twinkle, Twinkle, Little Star"
user-c6675f29-e,Old MacDonald Had a Farm
user-505f17d7-3,"Row, Row, Row Your Boat"
user-34d465bc-f,Take Me Out to the Ball Game
user-817e5383-5,Happy Birthday to You
user-60136f45-9,"Twinkle, Twinkle, Little Star"
user-5901a73d-e,Old MacDonald Had a Farm
user-817e5383-5,Old MacDonald Had a Farm
user-c5dc82a6-4,Old MacDonald Had a Farm
user-faf5eea1-0,Take Me Out to the Ball Game
user-60f8ef8a-2,Ode to Joy 
user-1e56bfbb-8,Old MacDonald Had a Farm
user-0a2379aa-1,Ode to Joy 
user-9c83e5f5-b,Mary Had a Little Lamb
user-35cff8a7-8,The Wheels on the Bus
user-77a06ff8-4,Happy Birthday to You
user-39699269-5,Old MacDonald Had a Farm
user-6e6a090c-2,Für Elise
user-9df97ee5-4,"Twinkle, Twinkle, Little Star"
user-03d316ba-c,The Wheels on the Bus
user-b58b5fe3-f,Mary Had a Little Lamb
user-40025fb7-5,The Wheels on the Bus
user-3b40024b-f,Over the Rainbow
user-a500699b-5,"Twinkle, Twinkle, Little Star"
user-8cae4b1a-0,Für Elise
user-1cd1a52f-4,Old MacDonald Had a Farm
user-ca531c2c-5,Für Elise
user-a42ca63b-6,The Wheels on the Bus
user-c0f27258-6,Ode to Joy 
user-e5418c05-3,"Row, Row, Row Your Boat"
user-11175241-7,Over the Rainbow
user-1b2173ce-8,Ode to Joy 
user-0a2379aa-1,Over the Rainbow
user-a441ce30-2,"Row, Row, Row Your Boat"
user-30377996-8,Für Elise
user-fc987ed7-4,Für Elise
user-b792233d-4,Für Elise
user-1f9daff8-6,Ode to Joy 
user-ca531c2c-5,"Twinkle, Twinkle, Little Star"
user-8d02d2d6-e,Happy Birthday to You
user-1e56bfbb-8,The Wheels on the Bus
user-8c658e22-9,"Twinkle, Twinkle, Little Star"
user-f7e29603-b,Happy Birthday to You
user-90c4a8ca-9,Take Me Out to the Ball Game
user-15a11fbb-0,Take Me Out to the Ball Game
user-9054a313-f,Für Elise
user-fe4c7fdf-5,Take Me Out to the Ball Game
user-577f408c-7,Ode to Joy 
user-f97b1995-d,Over the Rainbow
user-ddd4dd9f-e,Ode to Joy 
user-0eda3fa2-9,Over the Rainbow
user-ca15c1f4-7,Ode to Joy 
user-3f578269-7,"Twinkle, Twinkle, Little Star"
user-9df97ee5-4,Ode to Joy 
user-55825503-0,The Wheels on the Bus
user-55638c0d-3,Old MacDonald Had a Farm
user-492731d4-4,"Row, Row, Row Your Boat"
user-d91daafa-5,"Row, Row, Row Your Boat"
user-a500699b-5,Take Me Out to the Ball Game
user-bd181ebb-6,The Wheels on the Bus
user-9b30f5b5-f,Over the Rainbow
user-c99a011c-6,Für Elise
user-c5dc82a6-4,Take Me Out to the Ball Game
user-505f17d7-3,Für Elise
user-1cd1a52f-4,Mary Had a Little Lamb
user-57ae21ea-0,The Wheels on the Bus
user-e27e3dfe-4,Happy Birthday to You
user-c7810109-6,Happy Birthday to You
user-c2599211-1,"Row, Row, Row Your Boat"
user-b50e380d-7,Ode to Joy 
user-fc825c0e-2,Mary Had a Little Lamb
user-e372d245-4,Für Elise
user-c34a5140-8,Happy Birthday to You
user-a68cec48-2,The Wheels on the Bus
user-3b40024b-f,The Wheels on the Bus
user-cf2b2857-2,Mary Had a Little Lamb
user-72427d55-f,Happy Birthday to You
user-ddd363df-4,Für Elise
user-017d80a6-e,The Wheels on the Bus
user-5ca02cb1-1,Für Elise
user-1cd1a52f-4,Für Elise
user-55f82feb-e,Take Me Out to the Ball Game
user-c823d1c7-3,Mary Had a Little Lamb
user-9e313383-d,Happy Birthday to You
user-b7059c17-9,Happy Birthday to You
user-c2573ede-a,The Wheels on the Bus
user-42f9141b-b,Mary Had a Little Lamb
user-c8c7558b-f,Over the Rainbow
user-b5de5644-1,Für Elise
user-02b53b20-3,Take Me Out to the Ball Game
user-d65ca568-9,Over the Rainbow
user-b7059c17-9,"Twinkle, Twinkle, Little Star"
user-9dbe4862-a,Old MacDonald Had a Farm
user-fde20bde-8,Ode to Joy 
user-623695b7-e,Old MacDonald Had a Farm
user-320782c0-b,Mary Had a Little Lamb
user-71bab029-2,"Row, Row, Row Your Boat"
user-d74c4d0c-5,The Wheels on the Bus
user-9482ec38-9,Take Me Out to the Ball Game
user-4a12c6b7-0,Over the Rainbow
user-43c59b38-b,The Wheels on the Bus
user-fba35049-1,Over the Rainbow
user-6fefa55c-f,Take Me Out to the Ball Game
user-24bf630f-1,Take Me Out to the Ball Game
user-59acf8af-c,Take Me Out to the Ball Game
user-f76bb598-6,Over the Rainbow
user-d949b854-1,Für Elise
user-c5951fe5-3,Happy Birthday to You
user-08f5ced5-9,Für Elise
user-7de32862-4,Für Elise
user-fadeea8a-c,Für Elise
user-30377996-8,Take Me Out to the Ball Game
user-c5dc82a6-4,"Twinkle, Twinkle, Little Star"
user-92f33bcf-4,Old MacDonald Had a Farm
user-e5418c05-3,Für Elise
user-c03b50da-a,The Wheels on the Bus
user-e0af183c-9,"Row, Row, Row Your Boat"
user-401387d1-e,Für Elise
user-31bc6823-6,Happy Birthday to You
user-9609f56b-2,Take Me Out to the Ball Game
user-d17bb035-5,Over the Rainbow
user-2382126a-e,The Wheels on the Bus
user-d6294766-1,Old MacDonald Had a Farm
user-fbb91b55-f,"Row, Row, Row Your Boat"
user-60136f45-9,Mary Had a Little Lamb
user-de3f7f3a-c,The Wheels on the Bus
user-82a12205-6,"Twinkle, Twinkle, Little Star"
user-0b660998-e,"Row, Row, Row Your Boat"
user-e9a22b53-7,Für Elise
user-c2573ede-a,"Twinkle, Twinkle, Little Star"
user-faf5eea1-0,Old MacDonald Had a Farm
user-1e56bfbb-8,Für Elise
user-23fe50a3-6,Old MacDonald Had a Farm
user-ce272f85-7,Ode to Joy 
user-1c3774d0-5,Take Me Out to the Ball Game
user-1c50f97f-5,Take Me Out to the Ball Game
user-4a12c6b7-0,Take Me Out to the Ball Game
user-ea87a62a-5,The Wheels on the Bus
user-dac6a048-1,Over the Rainbow
user-dd3d34db-8,Für Elise
user-8887524e-9,Für Elise
user-7a232fb0-7,Happy Birthday to You
user-1c7ec2cf-2,The Wheels on the Bus
user-babd3ba9-6,Over the Rainbow
user-2037c2c4-5,"Twinkle, Twinkle, Little Star"
user-b68364b9-d,Mary Had a Little Lamb
user-c0f27258-6,Over the Rainbow
user-64e2236d-3,Take Me Out to the Ball Game
user-b72f9466-5,Over the Rainbow
user-30377996-8,Old MacDonald Had a Farm
user-d9c9a210-e,The Wheels on the Bus
user-d6c8d1fe-1,Ode to Joy 
user-73c5894a-9,"Row, Row, Row Your Boat"
user-2026ddc8-4,"Row, Row, Row Your Boat"
user-0920c613-4,The Wheels on the Bus
user-df7f5eb8-b,Over the Rainbow
user-40025fb7-5,Für Elise
user-d6025b83-8,Over the Rainbow
user-930e6a9c-9,"Twinkle, Twinkle, Little Star"
user-1b77178d-c,Over the Rainbow
user-fde20bde-8,Happy Birthday to You
user-28e92cec-5,Old MacDonald Had a Farm
user-64ebfb40-5,Mary Had a Little Lamb
user-c7e967e5-7,"Twinkle, Twinkle, Little Star"
user-a4c77729-d,Für Elise
user-c11f5707-5,"Twinkle, Twinkle, Little Star"
user-4a6aca6f-2,Old MacDonald Had a Farm
user-b419d5ef-6,Für Elise
user-9dbe4862-a,Mary Had a Little Lamb
user-4351ce97-c,The Wheels on the Bus
user-28d8c8b2-d,The Wheels on the Bus
user-57a2310f-4,Ode to Joy 
user-02d84481-f,Mary Had a Little Lamb
user-9790199b-3,The Wheels on the Bus
user-afe8c416-d,Happy Birthday to You
user-bdc45d45-a,Für Elise
user-fa250e42-9,Happy Birthday to You
user-8cb99a12-2,Mary Had a Little Lamb
user-5cff5877-9,Old MacDonald Had a Farm
user-d5e2f9dd-e,Over the Rainbow
user-617632a9-e,Old MacDonald Had a Farm
user-6e6a090c-2,Ode to Joy 
user-32039b5f-7,"Twinkle, Twinkle, Little Star"
user-0a4c7474-1,"Row, Row, Row Your Boat"
user-2e94268b-3,Für Elise
user-6353e484-1,Take Me Out to the Ball Game
user-3614ec4e-c,Old MacDonald Had a Farm
user-d5e2f9dd-e,The Wheels on the Bus
user-872da30c-f,"Twinkle, Twinkle, Little Star"
user-39762ebb-4,Für Elise
user-5f1862f4-7,Over the Rainbow
user-1b292c65-2,The Wheels on the Bus
user-ba64584b-d,"Row, Row, Row Your Boat"
user-017d80a6-e,Over the Rainbow
user-3a51e8a7-8,The Wheels on the Bus
user-58b6a790-7,Mary Had a Little Lamb
user-d6c8d1fe-1,Mary Had a Little Lamb
user-faf5eea1-0,Für Elise
user-39699269-5,Old MacDonald Had a Farm
user-e5c9a5fc-5,Over the Rainbow
user-4351ce97-c,"Row, Row, Row Your Boat"
user-bd181ebb-6,Take Me Out to the Ball Game
user-492731d4-4,Old MacDonald Had a Farm
user-7b1da18d-8,Take Me Out to the Ball Game
user-e5c9a5fc-5,Old MacDonald Had a Farm
user-7b1da18d-8,Over the Rainbow
user-7b1da18d-8,The Wheels on the Bus
user-3f578269-7,"Twinkle, Twinkle, Little Star"
user-f0c8dd06-5,Ode to Joy 
user-fe509502-6,The Wheels on the Bus
user-5430368a-1,Old MacDonald Had a Farm
user-2026ddc8-4,"Row, Row, Row Your Boat"
user-3562d947-a,Happy Birthday to You
user-70f19878-8,Ode to Joy 
user-b6a37257-f,Für Elise
user-d989977d-4,Take Me Out to the Ball Game
user-ddd4dd9f-e,"Twinkle, Twinkle, Little Star"
user-5dd9f8eb-a,"Row, Row, Row Your Boat"
user-bb7272b8-8,Für Elise
user-d74c4d0c-5,"Twinkle, Twinkle, Little Star"
user-f131b1ad-c,Für Elise
user-f8ffa8d9-6,Take Me Out to the Ball Game
user-afa12e07-8,"Row, Row, Row Your Boat"
user-b24b48d3-e,"Row, Row, Row Your Boat"
user-20bf7267-c,Ode to Joy 
user-1b77178d-c,The Wheels on the Bus
user-da7f969d-3,Mary Had a Little Lamb
user-cd0b0303-f,The Wheels on the Bus
user-ddd4dd9f-e,Old MacDonald Had a Farm
user-1b77178d-c,Old MacDonald Had a Farm
user-31bc6823-6,Mary Had a Little Lamb
user-c4582a39-f,Over the Rainbow
user-dd10c650-2,"Twinkle, Twinkle, Little Star"
user-75668277-d,"Twinkle, Twinkle, Little Star"
user-75668277-d,"Twinkle, Twinkle, Little Star"
user-f1ae46ec-c,Take Me Out to the Ball Game
user-7a4b9c86-2,Over the Rainbow
user-0460bedc-2,Over the Rainbow
user-d326b869-0,Mary Had a Little Lamb
user-5dd9f8eb-a,Happy Birthday to You
user-32039b5f-7,Take Me Out to the Ball Game
user-638f542f-f,The Wheels on the Bus
user-b72f9466-5,Take Me Out to the Ball Game
user-9df97ee5-4,"Row, Row, Row Your Boat"
user-4e384c7b-b,Old MacDonald Had a Farm
user-401387d1-e,The Wheels on the Bus
user-5430368a-1,Over the Rainbow
user-2026ddc8-4,Ode to Joy 
user-afe52765-f,Take Me Out to the Ball Game
user-32039b5f-7,Für Elise
user-7d7e016a-2,Ode to Joy 
user-31434f5b-d,Für Elise
user-24bf630f-1,Für Elise
user-85dde83d-f,"Row, Row, Row Your Boat"
user-b9a1d9f4-f,Mary Had a Little Lamb
user-631e55d7-0,Old MacDonald Had a Farm
user-fdcfefb3-1,Over the Rainbow
user-64ebfb40-5,Für Elise
user-bdba1a0d-8,"Row, Row, Row Your Boat"
user-76762fd5-c,Ode to Joy 
user-825e4f36-4,Take Me Out to the Ball Game
user-45430433-c,The Wheels on the Bus
user-74cd31e8-c,Mary Had a Little Lamb
user-e27e3dfe-4,Over the Rainbow
user-3a51e8a7-8,Ode to Joy 
user-c2599211-1,The Wheels on the Bus
user-20e4883b-3,Für Elise
user-acedc894-2,Happy Birthday to You
user-45ffa687-b,"Row, Row, Row Your Boat"
user-46f88bfb-f,Ode to Joy 
user-0a4c7474-1,Ode to Joy 
user-c7810109-6,Take Me Out to the Ball Game
user-da7f969d-3,Ode to Joy 
user-731edaf1-2,Over the Rainbow
user-28048bbd-1,The Wheels on the Bus
user-b50e380d-7,Old MacDonald Had a Farm
user-73bdb562-0,Over the Rainbow
user-14e70285-a,Ode to Joy 
user-3e6a3d99-9,Mary Had a Little Lamb
user-f2f62dd8-a,"Twinkle, Twinkle, Little Star"
user-94e09d5b-f,Ode to Joy 
user-b53f1379-0,Ode to Joy 
user-c2599211-1,Happy Birthday to You
user-89b28c72-c,"Row, Row, Row Your Boat"
user-28048bbd-1,Over the Rainbow
user-85dde83d-f,Für Elise
user-31434f5b-d,Mary Had a Little Lamb
user-b44d7b8a-1,"Twinkle, Twinkle, Little Star"
user-59acf8af-c,Happy Birthday to You
user-40025fb7-5,The Wheels on the Bus
user-fa250e42-9,Mary Had a Little Lamb
user-3894facd-3,The Wheels on the Bus
user-57a2310f-4,"Row, Row, Row Your Boat"
user-fde20bde-8,Old MacDonald Had a Farm
user-d989977d-4,Take Me Out to the Ball Game
user-3614ec4e-c,"Twinkle, Twinkle, Little Star"
user-30a4c2a0-e,"Twinkle, Twinkle, Little Star"
user-4351ce97-c,Für Elise
user-83b0302d-5,Take Me Out to the Ball Game
user-e5c9a5fc-5,Happy Birthday to You
user-8c323983-5,Happy Birthday to You
user-d99d20eb-e,"Row, Row, Row Your Boat"
user-c4582a39-f,Old MacDonald Had a Farm
user-55825503-0,Over the Rainbow
user-5f1862f4-7,Old MacDonald Had a Farm
user-1b77178d-c,"Twinkle, Twinkle, Little Star"
user-f0c8dd06-5,Old MacDonald Had a Farm
user-5ba316ce-e,"Row, Row, Row Your Boat"
user-ea526c47-e,Happy Birthday to You
user-c4582a39-f,Für Elise
user-f76bb598-6,"Row, Row, Row Your Boat"
user-14e70285-a,Mary Had a Little Lamb
user-9d7bc9ba-8,Mary Had a Little Lamb
user-dc8b351c-d,Take Me Out to the Ball Game
user-a7628487-b,Take Me Out to the Ball Game
user-07ff5eed-d,Für Elise
user-6065a3c5-a,Over the Rainbow
user-04bdee20-8,Ode to Joy 
user-e9a22b53-7,Ode to Joy 
user-75668277-d,"Row, Row, Row Your Boat"
user-96eec0f7-a,"Twinkle, Twinkle, Little Star"
user-9cd2cd3b-e,Take Me Out to the Ball Game
user-5901a73d-e,Happy Birthday to You
user-b72f9466-5,Happy Birthday to You
user-ae9fb50b-4,Für Elise
user-9609f56b-2,Happy Birthday to You
user-acdd7b0c-f,Für Elise
user-f11107db-f,Ode to Joy 
user-bbb30e4e-7,Old MacDonald Had a Farm
user-31bc6823-6,"Twinkle, Twinkle, Little Star"
user-350af80e-6,"Twinkle, Twinkle, Little Star"
user-54815173-1,Happy Birthday to You
user-8b6b1134-3,Mary Had a Little Lamb
user-3894facd-3,Old MacDonald Had a Farm
user-b5de5644-1,Over the Rainbow
user-505f17d7-3,Ode to Joy 
user-c39f10d2-d,"Row, Row, Row Your Boat"
user-a2b8fb90-8,Take Me Out to the Ball Game
user-4e384c7b-b,"Twinkle, Twinkle, Little Star"
user-8887524e-9,"Row, Row, Row Your Boat"
user-130c28cd-2,Old MacDonald Had a Farm
user-e6c91bfe-b,Ode to Joy 
user-b792233d-4,Over the Rainbow
user-9c9563a5-2,Ode to Joy 
user-dac6a048-1,"Twinkle, Twinkle, Little Star"
user-7f568c6a-9,Old MacDonald Had a Farm
user-b57a0653-1,Happy Birthday to You
user-6892d882-1,Old MacDonald Had a Farm
user-bf7e1c0e-5,Happy Birthday to You
user-77a06ff8-4,The Wheels on the Bus
user-323ac977-a,Mary Had a Little Lamb
user-64e2236d-3,Mary Had a Little Lamb
user-acdd7b0c-f,Happy Birthday to You
user-2382126a-e,The Wheels on the Bus
user-92f33bcf-4,Ode to Joy 
user-d5e2f9dd-e,"Row, Row, Row Your Boat"
user-017d80a6-e,Old MacDonald Had a Farm
user-638f542f-f,"Twinkle, Twinkle, Little Star"
user-d2d7f0e3-f,Mary Had a Little Lamb
user-afe8c416-d,Mary Had a Little Lamb
user-30a4c2a0-e,The Wheels on the Bus
user-0e2328e4-6,The Wheels on the Bus
user-571400f5-9,Old MacDonald Had a Farm
user-64055c58-4,Für Elise
user-b2b5ac60-d,The Wheels on the Bus
user-6edb4c1e-f,Take Me Out to the Ball Game
user-a68cec48-2,"Row, Row, Row Your Boat"
user-fadeea8a-c,The Wheels on the Bus
user-fe4c7fdf-5,"Twinkle, Twinkle, Little Star"
user-a42032a0-a,Take Me Out to the Ball Game
user-8b6aa3d3-a,"Row, Row, Row Your Boat"
user-39762ebb-4,"Twinkle, Twinkle, Little Star"
user-6353e484-1,Ode to Joy 
user-a42ca63b-6,Take Me Out to the Ball Game
user-20d9007d-d,"Twinkle, Twinkle, Little Star"
user-a500699b-5,Old MacDonald Had a Farm
user-61cd486e-0,Für Elise
user-ff6b1884-d,The Wheels on the Bus
user-55f82feb-e,Take Me Out to the Ball Game
user-2fbb5361-1,"Twinkle, Twinkle, Little Star"
user-5e792f77-6,Mary Had a Little Lamb
user-54815173-1,Happy Birthday to You
user-b53f1379-0,Old MacDonald Had a Farm
user-054bd303-f,Happy Birthday to You
user-c03b50da-a,"Twinkle, Twinkle, Little Star"
user-73bdb562-0,Mary Had a Little Lamb
user-623695b7-e,The Wheels on the Bus
user-b419d5ef-6,The Wheels on the Bus
user-ec64f464-2,Old MacDonald Had a Farm
user-61cd486e-0,Für Elise
user-49cee5d2-3,Für Elise
user-acdd7b0c-f,"Twinkle, Twinkle, Little Star"
user-9cd2cd3b-e,"Twinkle, Twinkle, Little Star"
user-5e3efcf0-f,Over the Rainbow
user-c1104aa9-e,Over the Rainbow
user-70843c4f-5,The Wheels on the Bus
user-f555f4d0-4,"Row, Row, Row Your Boat"
user-776f70e4-f,Take Me Out to the Ball Game
user-0c6fb774-5,The Wheels on the Bus
user-7d7e016a-2,Take Me Out to the Ball Game
user-054bd303-f,Old MacDonald Had a Farm
user-6353e484-1,"Twinkle, Twinkle, Little Star"
user-67067d9b-d,"Row, Row, Row Your Boat"
user-f0c8dd06-5,Mary Had a Little Lamb
user-edaefef9-f,Over the Rainbow
user-a441ce30-2,Mary Had a Little Lamb
user-1b292c65-2,Old MacDonald Had a Farm
user-be49e40c-6,The Wheels on the Bus
user-0920c613-4,Take Me Out to the Ball Game
user-74cd31e8-c,Happy Birthday to You
user-fde20bde-8,Für Elise
user-037c5a10-8,"Row, Row, Row Your Boat"
user-78accc0d-8,Happy Birthday to You
user-b8b0b985-d,Mary Had a Little Lamb
user-35cff8a7-8,"Twinkle, Twinkle, Little Star"
user-d36194e2-e,Happy Birthday to You
user-b68364b9-d,Happy Birthday to You
user-323ac977-a,Ode to Joy 
user-b6721004-b,Happy Birthday to You
user-a7323c15-1,Old MacDonald Had a Farm
user-db732eaf-1,The Wheels on the Bus
user-e500cca2-3,Für Elise
user-55825503-0,Mary Had a Little Lamb
user-0493c555-1,"Row, Row, Row Your Boat"
user-a9060f0b-a,"Twinkle, Twinkle, Little Star"
user-bc1c9675-5,Für Elise
user-57a2310f-4,The Wheels on the Bus
user-ea526c47-e,Happy Birthday to You
user-a441ce30-2,The Wheels on the Bus
user-5ba316ce-e,"Twinkle, Twinkle, Little Star"
user-d23f6cfc-e,Mary Had a Little Lamb
user-73c5894a-9,"Twinkle, Twinkle, Little Star"
user-6892d882-1,The Wheels on the Bus
user-32d54525-7,Old MacDonald Had a Farm
user-b9603268-5,Für Elise
user-e6c91bfe-b,Mary Had a Little Lamb
user-11175241-7,Mary Had a Little Lamb
user-3ea81f47-b,The Wheels on the Bus
user-9311433d-7,Take Me Out to the Ball Game
user-40025fb7-5,"Twinkle, Twinkle, Little Star"
user-492731d4-4,The Wheels on the Bus
user-d949b854-1,Take Me Out to the Ball Game
user-d6025b83-8,Für Elise
user-3a51e8a7-8,Für Elise
user-c1104aa9-e,Mary Had a Little Lamb
user-28048bbd-1,"Row, Row, Row Your Boat"
user-70843c4f-5,Take Me Out to the Ball Game
user-9c9563a5-2,The Wheels on the Bus
user-a12205ec-3,"Twinkle, Twinkle, Little Star"
user-07ff5eed-d,Happy Birthday to You
user-1b2173ce-8,"Row, Row, Row Your Boat"
user-d74c4d0c-5,Over the Rainbow
user-fadeea8a-c,Für Elise
user-f131b1ad-c,The Wheels on the Bus
user-28e92cec-5,Ode to Joy 
user-08957c85-d,The Wheels on the Bus
user-2382126a-e,"Row, Row, Row Your Boat"
user-32039b5f-7,The Wheels on the Bus
user-a2b8fb90-8,Ode to Joy 
user-f76bb598-6,Old MacDonald Had a Farm
user-4351ce97-c,Happy Birthday to You
user-d2d7f0e3-f,Take Me Out to the Ball Game
user-5901a73d-e,Over the Rainbow
user-9d7bc9ba-8,The Wheels on the Bus
user-ce37db21-b,Für Elise
user-70843c4f-5,The Wheels on the Bus
user-b58b5fe3-f,Für Elise
user-a2a9c49b-8,Happy Birthday to You
user-c037990b-8,"Row, Row, Row Your Boat"
user-54815173-1,Over the Rainbow
user-0c9db2b7-6,"Row, Row, Row Your Boat"
user-320782c0-b,"Twinkle, Twinkle, Little Star"
user-c1104aa9-e,Für Elise
user-63b4a383-0,"Twinkle, Twinkle, Little Star"
user-1c3774d0-5,Take Me Out to the Ball Game
user-58b6a790-7,Over the Rainbow
user-e6d5e43c-1,Für Elise
user-4519be28-3,The Wheels on the Bus
user-39762ebb-4,"Row, Row, Row Your Boat"
user-158f583a-0,Old MacDonald Had a Farm
user-57b67c6a-1,Take Me Out to the Ball Game
user-2f8605a6-1,Old MacDonald Had a Farm
user-08bdcb93-1,"Twinkle, Twinkle, Little Star"
user-8da10393-a,Over the Rainbow
user-f0943285-3,"Twinkle, Twinkle, Little Star"
user-2ecff062-9,Happy Birthday to You
user-c7810109-6,Over the Rainbow
user-57b67c6a-1,"Twinkle, Twinkle, Little Star"
user-638f542f-f,Old MacDonald Had a Farm
user-c4582a39-f,"Row, Row, Row Your Boat"
user-77a06ff8-4,Old MacDonald Had a Farm
user-7d7e016a-2,Over the Rainbow
user-ed2a0c75-0,Ode to Joy 
user-92034270-0,"Twinkle, Twinkle, Little Star"
user-b125caac-e,Ode to Joy 
user-2fbb5361-1,"Row, Row, Row Your Boat"
user-ca531c2c-5,Ode to Joy 
user-5085be0d-e,Mary Had a Little Lamb
user-a478e5a9-2,Take Me Out to the Ball Game
user-35cff8a7-8,Für Elise
user-a634e3c3-0,The Wheels on the Bus
user-c76be8c1-b,Happy Birthday to You
user-27ef2845-e,"Row, Row, Row Your Boat"
user-f3cc9225-4,Ode to Joy 
user-fc987ed7-4,"Row, Row, Row Your Boat"
user-037c5a10-8,Take Me Out to the Ball Game
user-d6025b83-8,"Row, Row, Row Your Boat"
user-8b6aa3d3-a,Take Me Out to the Ball Game
user-a68cec48-2,"Twinkle, Twinkle, Little Star"
user-881264c3-1,Mary Had a Little Lamb
user-f0c8dd06-5,Ode to Joy 
user-11b8d029-5,"Twinkle, Twinkle, Little Star"
user-bdc45d45-a,Old MacDonald Had a Farm
user-c8172006-a,Ode to Joy 
user-8cb99a12-2,"Row, Row, Row Your Boat"
user-bdc45d45-a,Ode to Joy 
user-1b2173ce-8,Für Elise
user-b6d304cc-b,The Wheels on the Bus
user-b24b48d3-e,The Wheels on the Bus
user-edefd480-d,Happy Birthday to You
user-fe509502-6,Take Me Out to the Ball Game
user-55638c0d-3,Für Elise
user-d23f6cfc-e,Old MacDonald Had a Farm
user-30a4c2a0-e,Happy Birthday to You
user-7de32862-4,The Wheels on the Bus
user-4c6bf919-2,The Wheels on the Bus
user-92034270-0,Take Me Out to the Ball Game
user-b04b1636-e,Ode to Joy 
user-c2573ede-a,Happy Birthday to You
user-7b1da18d-8,"Row, Row, Row Your Boat"
user-a695b806-e,Over the Rainbow
user-da2cbc9c-4,Take Me Out to the Ball Game
user-156e40cb-8,Old MacDonald Had a Farm
user-643d7296-2,Für Elise
user-f816e198-e,Over the Rainbow
user-d6294766-1,Old MacDonald Had a Farm
user-f2f62dd8-a,The Wheels on the Bus
user-c2599211-1,Happy Birthday to You
user-55825503-0,Happy Birthday to You
user-31bc6823-6,Old MacDonald Had a Farm
user-16f21412-9,Take Me Out to the Ball Game
user-a78c64b7-2,Ode to Joy 
user-a7628487-b,"Twinkle, Twinkle, Little Star"
user-00ecc8cd-d,"Row, Row, Row Your Boat"
user-d23f6cfc-e,Für Elise
user-e5c9a5fc-5,Für Elise
user-8cae4b1a-0,Old MacDonald Had a Farm
user-8a4ee384-7,"Twinkle, Twinkle, Little Star"
user-3a51e8a7-8,Ode to Joy 
user-9cb52227-c,"Twinkle, Twinkle, Little Star"
user-1eb0d8ba-1,Für Elise
user-8b845e49-8,Happy Birthday to You
user-f9e44060-0,Over the Rainbow
user-b2bfbef7-4,Old MacDonald Had a Farm
user-f1459437-c,Mary Had a Little Lamb
user-2026ddc8-4,"Twinkle, Twinkle, Little Star"
user-dcb9fe3b-3,Over the Rainbow
user-017d80a6-e,Für Elise
user-55f82feb-e,Happy Birthday to You
user-acedc894-2,Mary Had a Little Lamb
user-825e4f36-4,Take Me Out to the Ball Game
user-b125caac-e,Happy Birthday to You
user-f0c8dd06-5,"Row, Row, Row Your Boat"
user-12a25085-7,Old MacDonald Had a Farm
user-89b28c72-c,Für Elise
user-43c59b38-b,Over the Rainbow
user-c4582a39-f,"Row, Row, Row Your Boat"
user-92034270-0,Ode to Joy 
user-a68cec48-2,Happy Birthday to You
user-a12205ec-3,"Row, Row, Row Your Boat"
user-fdcb4abf-3,The Wheels on the Bus
user-9a87c1fb-0,The Wheels on the Bus
user-e8338661-8,"Row, Row, Row Your Boat"
user-b04b1636-e,"Twinkle, Twinkle, Little Star"
user-20ac4070-7,The Wheels on the Bus
user-64ebfb40-5,Over the Rainbow
user-0c6fb774-5,Over the Rainbow
user-edefd480-d,Ode to Joy 
user-9e102c32-3,The Wheels on the Bus
user-b8b0b985-d,Take Me Out to the Ball Game
user-350af80e-6,Mary Had a Little Lamb
user-28048bbd-1,Happy Birthday to You
user-08bdcb93-1,Mary Had a Little Lamb
user-55638c0d-3,"Row, Row, Row Your Boat"
user-d6025b83-8,Ode to Joy 
user-776363a8-1,Happy Birthday to You
user-156e40cb-8,Take Me Out to the Ball Game
user-57ae21ea-0,Für Elise
user-c44a941e-0,Over the Rainbow
user-8c323983-5,"Twinkle, Twinkle, Little Star"
user-57b67c6a-1,Happy Birthday to You
user-39699269-5,The Wheels on the Bus
user-28d8c8b2-d,Mary Had a Little Lamb
user-a441ce30-2,Over the Rainbow
user-f7eb59dc-8,Mary Had a Little Lamb
user-bf7e1c0e-5,Happy Birthday to You
user-4e676b53-e,Old MacDonald Had a Farm
user-4cd9e730-d,Ode to Joy 
user-eb720619-0,Für Elise
user-0c9db2b7-6,Für Elise
user-20d9007d-d,"Row, Row, Row Your Boat"
user-23fe50a3-6,The Wheels on the Bus
user-a682f9d9-a,Mary Had a Little Lamb
user-54815173-1,"Twinkle, Twinkle, Little Star"
user-f9e44060-0,"Twinkle, Twinkle, Little Star"
user-ca531c2c-5,"Twinkle, Twinkle, Little Star"
user-f0c8dd06-5,Over the Rainbow
user-3f578269-7,"Twinkle, Twinkle, Little Star"
user-7f568c6a-9,"Twinkle, Twinkle, Little Star"
user-0b06a9ce-5,The Wheels on the Bus
user-bbb30e4e-7,Für Elise
user-3b40024b-f,Over the Rainbow
user-776f70e4-f,Ode to Joy 
user-1650f725-6,Happy Birthday to You
user-92034270-0,"Twinkle, Twinkle, Little Star"
user-89af6a10-0,Ode to Joy 
user-e2e9ac82-a,Old MacDonald Had a Farm
user-017d80a6-e,Take Me Out to the Ball Game
user-d9d8c013-a,"Row, Row, Row Your Boat"
user-a42ca63b-6,Mary Had a Little Lamb
user-e4214318-b,"Row, Row, Row Your Boat"
user-d5e2f9dd-e,Take Me Out to the Ball Game
user-20bf7267-c,Ode to Joy 
user-571400f5-9,The Wheels on the Bus
user-b419d5ef-6,"Row, Row, Row Your Boat"
user-6edb4c1e-f,Ode to Joy 
user-6353e484-1,Happy Birthday to You
user-fc987ed7-4,Take Me Out to the Ball Game
user-8cb99a12-2,Over the Rainbow
user-20d9007d-d,Mary Had a Little Lamb
user-d6294766-1,Mary Had a Little Lamb
user-d6025b83-8,Happy Birthday to You
user-7f7ef8cb-5,Mary Had a Little Lamb
user-cd0b0303-f,Over the Rainbow
user-9609f56b-2,Mary Had a Little Lamb
user-018ec9c0-1,"Twinkle, Twinkle, Little Star"
user-a500699b-5,Für Elise
user-dd10c650-2,Ode to Joy 
user-76762fd5-c,Take Me Out to the Ball Game
user-d989977d-4,"Twinkle, Twinkle, Little Star"
user-0c6fb774-5,Ode to Joy 
user-b9603268-5,Für Elise
user-0fa5c79f-6,Happy Birthday to You
user-323ac977-a,Old MacDonald Had a Farm
user-dc8b351c-d,Für Elise
user-2e94268b-3,Old MacDonald Had a Farm
user-ddd4dd9f-e,"Row, Row, Row Your Boat"
user-5ca02cb1-1,Mary Had a Little Lamb
user-c8e4d7e5-c,Ode to Joy 
user-b44d7b8a-1,Take Me Out to the Ball Game
user-db732eaf-1,"Row, Row, Row Your Boat"
user-4351ce97-c,Für Elise
user-96efb5a6-9,"Twinkle, Twinkle, Little Star"
user-76762fd5-c,Für Elise
user-f816e198-e,Ode to Joy 
user-03d316ba-c,Happy Birthday to You
user-23fe50a3-6,Old MacDonald Had a Farm
user-4a6aca6f-2,Over the Rainbow
user-03d316ba-c,Für Elise
user-6682dd7c-0,"Row, Row, Row Your Boat"
user-24898927-b,The Wheels on the Bus
user-eb9e5032-4,Over the Rainbow
user-1602954f-8,Ode to Joy 
user-64ebfb40-5,"Row, Row, Row Your Boat"
user-ad49775a-b,"Twinkle, Twinkle, Little Star"
user-c03b50da-a,Für Elise
user-22add431-2,Ode to Joy 
user-8b6b1134-3,Over the Rainbow
user-73c5894a-9,Old MacDonald Had a Farm
user-20e4883b-3,Für Elise
user-7a4b9c86-2,Happy Birthday to You
user-d949b854-1,"Twinkle, Twinkle, Little Star"
user-bdba1a0d-8,Take Me Out to the Ball Game
user-4a12c6b7-0,Take Me Out to the Ball Game
user-1b77178d-c,"Twinkle, Twinkle, Little Star"
user-da929360-2,"Row, Row, Row Your Boat"
user-f1459437-c,"Twinkle, Twinkle, Little Star"
user-5ba316ce-e,Mary Had a Little Lamb
user-1b2173ce-8,Take Me Out to the Ball Game
user-17b44612-f,Für Elise
user-571400f5-9,Take Me Out to the Ball Game
user-cde75179-d,Ode to Joy 
user-6bd89837-d,Over the Rainbow
user-57b67c6a-1,Für Elise
user-9e313383-d,Happy Birthday to You
user-9311433d-7,"Row, Row, Row Your Boat"
user-9f17ccf0-4,"Twinkle, Twinkle, Little Star"
user-0fa5c79f-6,Happy Birthday to You
user-7a4b9c86-2,"Twinkle, Twinkle, Little Star"
user-11175241-7,Over the Rainbow
user-9dbe4862-a,The Wheels on the Bus
user-1cd1a52f-4,"Twinkle, Twinkle, Little Star"
user-bdc45d45-a,Happy Birthday to You
user-c823d1c7-3,Old MacDonald Had a Farm
user-45ffa687-b,Für Elise
user-6682dd7c-0,Happy Birthday to You
user-a2a9c49b-8,"Row, Row, Row Your Boat"
user-617632a9-e,The Wheels on the Bus
user-7a232fb0-7,"Row, Row, Row Your Boat"
user-5c60ba9e-8,Over the Rainbow
user-c48cd5b2-1,Mary Had a Little Lamb
user-d79353c3-a,Take Me Out to the Ball Game
user-60571133-6,The Wheels on the Bus
user-d2d7f0e3-f,Old MacDonald Had a Farm
user-a68cec48-2,Für Elise
user-1b2173ce-8,Old MacDonald Had a Farm
user-2ecff062-9,Mary Had a Little Lamb
user-24744520-d,Ode to Joy 
user-5e3efcf0-f,"Twinkle, Twinkle, Little Star"
user-db732eaf-1,Happy Birthday to You
user-ae9fb50b-4,"Row, Row, Row Your Boat"
user-28d8c8b2-d,"Row, Row, Row Your Boat"
user-b9603268-5,Over the Rainbow
user-18c80026-d,Ode to Joy 
user-473f545c-4,Old MacDonald Had a Farm
user-54815173-1,Ode to Joy 
user-2ecff062-9,Mary Had a Little Lamb
user-c2573ede-a,"Twinkle, Twinkle, Little Star"
user-571400f5-9,"Row, Row, Row Your Boat"
user-8da10393-a,Ode to Joy 
user-45430433-c,Old MacDonald Had a Farm
user-8887524e-9,Take Me Out to the Ball Game
user-2aa5aa7d-9,Happy Birthday to You
user-b9603268-5,Take Me Out to the Ball Game
user-fc987ed7-4,Take Me Out to the Ball Game
user-63883a89-9,The Wheels on the Bus
user-a500699b-5,Ode to Joy 
user-fadeea8a-c,Mary Had a Little Lamb
user-b9a1d9f4-f,"Row, Row, Row Your Boat"
user-ddd4dd9f-e,Over the Rainbow
user-55f82feb-e,"Row, Row, Row Your Boat"
user-c11f5707-5,The Wheels on the Bus
user-b7059c17-9,Mary Had a Little Lamb
user-27ef2845-e,Take Me Out to the Ball Game
user-a9060f0b-a,"Row, Row, Row Your Boat"
user-323ac977-a,Happy Birthday to You
user-9ada7d26-3,Ode to Joy 
user-24898927-b,Für Elise
user-6bd89837-d,The Wheels on the Bus
user-94e09d5b-f,Old MacDonald Had a Farm
user-f2f6e240-e,The Wheels on the Bus
user-18c80026-d,Happy Birthday to You
user-c1104aa9-e,Für Elise
user-c76307da-0,Mary Had a Little Lamb
user-0a4c7474-1,Old MacDonald Had a Farm
user-4b1bcb42-7,Take Me Out to the Ball Game
user-08f5ced5-9,Over the Rainbow
user-bd04d292-3,The Wheels on the Bus
user-31bca4ce-d,"Twinkle, Twinkle, Little Star"
user-6fefa55c-f,Old MacDonald Had a Farm
user-20e4883b-3,Mary Had a Little Lamb
user-83b0302d-5,Für Elise
user-c2573ede-a,"Twinkle, Twinkle, Little Star"
user-26acc0fc-5,Mary Had a Little Lamb
user-2382126a-e,The Wheels on the Bus
user-9054a313-f,Over the Rainbow
user-721e0699-7,Mary Had a Little Lamb
user-bb7272b8-8,Ode to Joy 
user-f0c8dd06-5,Old MacDonald Had a Farm
user-24744520-d,Happy Birthday to You
user-1cd1a52f-4,Ode to Joy 
user-94522ead-8,"Row, Row, Row Your Boat"
user-144ae0c8-5,Ode to Joy 
user-9b6cdaef-c,The Wheels on the Bus
user-e9a22b53-7,"Row, Row, Row Your Boat"
user-e4214318-b,Over the Rainbow
user-a634e3c3-0,Für Elise
user-32d54525-7,Happy Birthday to You
user-8da10393-a,Happy Birthday to You
user-1c013e8a-7,Happy Birthday to You
user-c544841a-3,Ode to Joy 
user-078fa49e-7,"Twinkle, Twinkle, Little Star"
user-cd0b0303-f,"Twinkle, Twinkle, Little Star"
user-9f7f2c15-f,Für Elise
user-3a51e8a7-8,Mary Had a Little Lamb
user-d99d20eb-e,Over the Rainbow
user-bf7e1c0e-5,Für Elise
user-a2a9c49b-8,Happy Birthday to You
user-571400f5-9,The Wheels on the Bus
user-638f542f-f,"Row, Row, Row Your Boat"
user-3b40024b-f,Für Elise
user-d6025b83-8,Happy Birthday to You
user-3b40024b-f,Take Me Out to the Ball Game
user-31bca4ce-d,Für Elise
user-fdcfefb3-1,Over the Rainbow
user-0a4c7474-1,Mary Had a Little Lamb
user-e27e3dfe-4,Happy Birthday to You
user-9311433d-7,Mary Had a Little Lamb
user-331876b9-7,Over the Rainbow
user-1b2173ce-8,"Row, Row, Row Your Boat"
user-825e4f36-4,Take Me Out to the Ball Game
user-d949b854-1,"Twinkle, Twinkle, Little Star"
user-5ca02cb1-1,Old MacDonald Had a Farm
user-7f7ef8cb-5,Ode to Joy 
user-d99d20eb-e,Happy Birthday to You
user-96efb5a6-9,Old MacDonald Had a Farm
user-c265d188-b,"Row, Row, Row Your Boat"
user-17b44612-f,Old MacDonald Had a Farm
user-d74c4d0c-5,Over the Rainbow
user-c8c7558b-f,"Row, Row, Row Your Boat"
user-babd3ba9-6,Over the Rainbow
user-02d84481-f,"Twinkle, Twinkle, Little Star"
user-72791254-6,Mary Had a Little Lamb
user-0787d31e-9,"Row, Row, Row Your Boat"
user-f2088bea-a,The Wheels on the Bus
user-bb476612-5,"Row, Row, Row Your Boat"
user-6fefa55c-f,Ode to Joy 
user-fbb91b55-f,"Twinkle, Twinkle, Little Star"
user-4a6aca6f-2,Mary Had a Little Lamb
user-67a5e194-c,Over the Rainbow
user-b6a37257-f,Old MacDonald Had a Farm
user-dc8b351c-d,"Row, Row, Row Your Boat"
user-731edaf1-2,"Row, Row, Row Your Boat"
user-ea87a62a-5,Für Elise
user-b44d7b8a-1,"Twinkle, Twinkle, Little Star"
user-30a4c2a0-e,Happy Birthday to You
user-89af6a10-0,Mary Had a Little Lamb
user-64c9ec5f-2,The Wheels on the Bus
user-776f70e4-f,Für Elise
user-b68364b9-d,Happy Birthday to You
user-f4c3474d-a,Over the Rainbow
user-4a12c6b7-0,The Wheels on the Bus
user-57b67c6a-1,"Twinkle, Twinkle, Little Star"
user-17b44612-f,Für Elise
user-158f583a-0,Happy Birthday to You
user-64e2236d-3,Ode to Joy 
user-d6294766-1,"Row, Row, Row Your Boat"
user-24898927-b,"Twinkle, Twinkle, Little Star"
user-e35f7537-c,Old MacDonald Had a Farm
user-64ebfb40-5,Take Me Out to the Ball Game
user-0793e44c-5,"Twinkle, Twinkle, Little Star"
user-42fe9f9c-1,Für Elise
user-6e6a090c-2,Für Elise
user-ae9fb50b-4,Ode to Joy 
user-c76be8c1-b,Mary Had a Little Lamb
user-bd04d292-3,Ode to Joy 
user-f131b1ad-c,"Twinkle, Twinkle, Little Star"
user-5dd9f8eb-a,The Wheels on the Bus
user-5430368a-1,Für Elise
user-38b44b52-3,Ode to Joy 
user-f0943285-3,Take Me Out to the Ball Game
user-c1104aa9-e,"Twinkle, Twinkle, Little Star"
user-8b845e49-8,Für Elise
user-24bf630f-1,Happy Birthday to You
user-7a4b9c86-2,"Twinkle, Twinkle, Little Star"
user-5430368a-1,Mary Had a Little Lamb
user-04bdee20-8,Take Me Out to the Ball Game
user-73bdb562-0,Happy Birthday to You
user-72427d55-f,Ode to Joy 
user-28d8c8b2-d,Happy Birthday to You
user-e93cbc3c-8,Ode to Joy 
user-9b30f5b5-f,"Row, Row, Row Your Boat"
user-42fe9f9c-1,Old MacDonald Had a Farm
user-054bd303-f,The Wheels on the Bus
user-b68364b9-d,Für Elise
user-1c50f97f-5,Für Elise
user-57b67c6a-1,Old MacDonald Had a Farm
user-f3cc9225-4,Old MacDonald Had a Farm
user-9cb52227-c,The Wheels on the Bus
user-e0af183c-9,"Row, Row, Row Your Boat"
user-dcb9fe3b-3,Mary Had a Little Lamb
user-8a4ee384-7,"Twinkle, Twinkle, Little Star"
user-b8b0b985-d,Ode to Joy 
user-6682dd7c-0,"Twinkle, Twinkle, Little Star"
user-7b1da18d-8,The Wheels on the Bus
user-b50e380d-7,Für Elise
user-d949b854-1,Take Me Out to the Ball Game
user-b5de5644-1,"Row, Row, Row Your Boat"
user-4351ce97-c,Für Elise
user-4351ce97-c,Happy Birthday to You
user-ea87a62a-5,Take Me Out to the Ball Game
user-8cb36b4f-8,"Twinkle, Twinkle, Little Star"
user-72427d55-f,"Row, Row, Row Your Boat"
user-54815173-1,Old MacDonald Had a Farm
user-3894facd-3,"Twinkle, Twinkle, Little Star"
user-d91daafa-5,Ode to Joy 
user-a68cec48-2,Take Me Out to the Ball Game
user-54d18370-8,Ode to Joy 
user-c5951fe5-3,Mary Had a Little Lamb
user-b24b48d3-e,Für Elise
user-018ec9c0-1,Happy Birthday to You
user-20d9007d-d,Mary Had a Little Lamb
user-54815173-1,The Wheels on the Bus
user-c8e4d7e5-c,Happy Birthday to You
user-02b53b20-3,Take Me Out to the Ball Game
user-e6a9f26a-7,Mary Had a Little Lamb
user-4b1bcb42-7,Ode to Joy 
user-776363a8-1,The Wheels on the Bus
user-078fa49e-7,Happy Birthday to You
user-e35f7537-c,Mary Had a Little Lamb
user-f1459437-c,Happy Birthday to You
user-57ae21ea-0,The Wheels on the Bus
user-3894facd-3,The Wheels on the Bus
user-43c59b38-b,Over the Rainbow
user-9dbe4862-a,Old MacDonald Had a Farm
user-5430368a-1,Take Me Out to the Ball Game
user-9ada7d26-3,Over the Rainbow
user-c2573ede-a,Mary Had a Little Lamb
user-6bd89837-d,Mary Had a Little Lamb
user-20bf7267-c,"Row, Row, Row Your Boat"
user-e6c91bfe-b,The Wheels on the Bus
user-8b6b1134-3,"Row, Row, Row Your Boat"
user-c265d188-b,Take Me Out to the Ball Game
user-a9ef7ff2-f,"Twinkle, Twinkle, Little Star"
user-da7f969d-3,Take Me Out to the Ball Game
user-d3d86923-4,Take Me Out to the Ball Game
user-7de32862-4,Ode to Joy 
user-94e09d5b-f,"Row, Row, Row Your Boat"
user-edaefef9-f,"Row, Row, Row Your Boat"
user-22add431-2,Take Me Out to the Ball Game
user-6dbf2024-e,"Twinkle, Twinkle, Little Star"
user-e35f7537-c,Ode to Joy 
user-9c8b0c93-b,Over the Rainbow
user-5901a73d-e,Old MacDonald Had a Farm
user-d2d7f0e3-f,Take Me Out to the Ball Game
user-3ea81f47-b,Over the Rainbow
user-0a2379aa-1,Take Me Out to the Ball Game
user-b3601b5d-d,Ode to Joy 
user-1650f725-6,"Row, Row, Row Your Boat"
user-a3993040-a,Old MacDonald Had a Farm
user-302cde0e-0,Over the Rainbow
user-70843c4f-5,Over the Rainbow
user-15a11fbb-0,Für Elise
user-82a12205-6,Take Me Out to the Ball Game
user-6f20c7eb-e,"Row, Row, Row Your Boat"
user-817e5383-5,The Wheels on the Bus
user-d91daafa-5,Happy Birthday to You
user-c265d188-b,Happy Birthday to You
user-64ebfb40-5,"Row, Row, Row Your Boat"
user-ddd363df-4,Over the Rainbow
user-dd10c650-2,Over the Rainbow
user-dd10c650-2,Mary Had a Little Lamb
user-54d18370-8,The Wheels on the Bus
user-9d2ffb1a-1,Ode to Joy 
user-a441ce30-2,Mary Had a Little Lamb
user-b58b5fe3-f,Old MacDonald Had a Farm
user-5e3efcf0-f,Happy Birthday to You
user-8887524e-9,"Twinkle, Twinkle, Little Star"
user-f76bb598-6,Over the Rainbow
user-8a4ee384-7,Old MacDonald Had a Farm
user-c0f27258-6,"Twinkle, Twinkle, Little Star"
user-cf2b2857-2,The Wheels on the Bus
user-0460bedc-2,The Wheels on the Bus
user-22aaa395-8,Happy Birthday to You
user-de3f7f3a-c,Für Elise
user-b8b0b985-d,"Row, Row, Row Your Boat"
user-63600b31-d,Happy Birthday to You
user-7e265fdb-f,"Twinkle, Twinkle, Little Star"
user-0e2328e4-6,Take Me Out to the Ball Game
user-fcadc868-1,Take Me Out to the Ball Game
user-9e102c32-3,Take Me Out to the Ball Game
user-1650f725-6,Ode to Joy 
user-1be48135-3,"Twinkle, Twinkle, Little Star"
user-e4214318-b,Take Me Out to the Ball Game
user-505f17d7-3,Für Elise
user-6bd89837-d,Old MacDonald Had a Farm
user-dcb9fe3b-3,Ode to Joy 
user-c352c48c-f,Old MacDonald Had a Farm
user-2aa5aa7d-9,Over the Rainbow
user-33a4d6c3-2,The Wheels on the Bus
user-08957c85-d,Over the Rainbow
user-b53f1379-0,Old MacDonald Had a Farm
user-ff6b1884-d,Mary Had a Little Lamb
user-64ebfb40-5,The Wheels on the Bus
user-8887524e-9,Over the Rainbow
user-04bdee20-8,Happy Birthday to You
user-f5bd8dd9-5,Mary Had a Little Lamb
user-b3601b5d-d,Für Elise
user-a7628487-b,"Row, Row, Row Your Boat"
user-8194536b-b,Take Me Out to the Ball Game
user-8da10393-a,"Row, Row, Row Your Boat"
user-0d216505-c,Old MacDonald Had a Farm
user-9f8870a5-1,"Row, Row, Row Your Boat"
user-d7c2ecc8-a,Ode to Joy 
user-85dde83d-f,The Wheels on the Bus
user-c99a011c-6,"Twinkle, Twinkle, Little Star"
user-d5e2f9dd-e,Mary Had a Little Lamb
user-8194536b-b,Mary Had a Little Lamb
user-dc8b351c-d,Happy Birthday to You
user-a4004d0b-4,Ode to Joy 
user-9a87c1fb-0,"Row, Row, Row Your Boat"
user-8ec4be97-8,"Twinkle, Twinkle, Little Star"
user-8c323983-5,"Twinkle, Twinkle, Little Star"
user-a9060f0b-a,"Twinkle, Twinkle, Little Star"
user-63b4a383-0,Ode to Joy 
user-d989977d-4,Ode to Joy 
user-d9d8c013-a,Old MacDonald Had a Farm
user-55f82feb-e,"Row, Row, Row Your Boat"
user-631e55d7-0,Old MacDonald Had a Farm
user-196f39bf-a,Mary Had a Little Lamb
user-f32fd164-a,Old MacDonald Had a Farm
user-881264c3-1,Ode to Joy 
user-f11107db-f,Over the Rainbow
user-7f7ef8cb-5,The Wheels on the Bus
user-33a4d6c3-2,Old MacDonald Had a Farm
user-4e384c7b-b,Old MacDonald Had a Farm
user-34d465bc-f,Happy Birthday to You
user-90c4a8ca-9,"Twinkle, Twinkle, Little Star"
user-0a4c7474-1,Für Elise
user-70f19878-8,Old MacDonald Had a Farm
user-473f545c-4,The Wheels on the Bus
user-817e5383-5,"Twinkle, Twinkle, Little Star"
user-55f82feb-e,The Wheels on the Bus
user-55825503-0,Over the Rainbow
user-a42032a0-a,Take Me Out to the Ball Game
user-ab32f5c1-7,Old MacDonald Had a Farm
user-63600b31-d,"Row, Row, Row Your Boat"
user-d2d7f0e3-f,Mary Had a Little Lamb
user-1602954f-8,Over the Rainbow
user-22add431-2,Happy Birthday to You
user-38b44b52-3,Mary Had a Little Lamb
user-30a4c2a0-e,Over the Rainbow
user-64c9ec5f-2,Ode to Joy 
user-bb7272b8-8,Ode to Joy 
user-70f19878-8,"Twinkle, Twinkle, Little Star"
user-3b40024b-f,"Row, Row, Row Your Boat"
user-b5de5644-1,"Row, Row, Row Your Boat"
user-46f88bfb-f,Für Elise
user-bdc45d45-a,Mary Had a Little Lamb
user-31bc6823-6,"Row, Row, Row Your Boat"
user-b5de5644-1,Over the Rainbow
user-505f17d7-3,Für Elise
user-c8c7558b-f,Take Me Out to the Ball Game
user-02b53b20-3,Old MacDonald Had a Farm
user-e5418c05-3,Old MacDonald Had a Farm
user-89b28c72-c,The Wheels on the Bus
user-b2b5ac60-d,The Wheels on the Bus
user-b8b0b985-d,Für Elise
user-fe3cf437-a,The Wheels on the Bus
user-5ba316ce-e,Over the Rainbow
user-e5c9a5fc-5,The Wheels on the Bus
user-dc8b351c-d,Für Elise
user-406868e7-7,Take Me Out to the Ball Game
user-5dd9f8eb-a,"Twinkle, Twinkle, Little Star"
user-7e265fdb-f,Old MacDonald Had a Farm
user-f2f6e240-e,Für Elise
user-c8172006-a,The Wheels on the Bus
user-ed2a0c75-0,Für Elise
user-3b40024b-f,Take Me Out to the Ball Game
user-9790199b-3,Happy Birthday to You
user-22aaa395-8,Happy Birthday to You
user-1650f725-6,Ode to Joy 
user-a7628487-b,Over the Rainbow
user-b2bfbef7-4,Ode to Joy 
user-130c28cd-2,Old MacDonald Had a Farm
user-b3601b5d-d,Mary Had a Little Lamb
user-32d54525-7,"Twinkle, Twinkle, Little Star"
user-1b77178d-c,Take Me Out to the Ball Game
user-6892d882-1,Ode to Joy 
user-14c3d575-a,"Row, Row, Row Your Boat"
user-b7059c17-9,"Row, Row, Row Your Boat"
user-72791254-6,Take Me Out to the Ball Game
user-0493c555-1,Mary Had a Little Lamb
user-e6a9f26a-7,Happy Birthday to You
user-1cb3333d-b,"Row, Row, Row Your Boat"
user-9d2ffb1a-1,Over the Rainbow
user-ad49775a-b,Ode to Joy 
user-ddd4dd9f-e,"Twinkle, Twinkle, Little Star"
user-43e8862e-5,The Wheels on the Bus
user-94d483d5-5,Mary Had a Little Lamb
user-905851c8-3,Over the Rainbow
user-d6294766-1,The Wheels on the Bus
user-cf2b2857-2,Over the Rainbow
user-42fe9f9c-1,Happy Birthday to You
user-f0c8dd06-5,Happy Birthday to You
user-22aaa395-8,"Row, Row, Row Your Boat"
user-c25bc393-4,Mary Had a Little Lamb
user-03d316ba-c,Mary Had a Little Lamb
user-20bf7267-c,The Wheels on the Bus
user-a478e5a9-2,Ode to Joy 
user-8887524e-9,Over the Rainbow
user-9dbe4862-a,Over the Rainbow
user-1cb3333d-b,Take Me Out to the Ball Game
user-8887524e-9,Für Elise
user-43e8862e-5,"Twinkle, Twinkle, Little Star"
user-e357904f-0,The Wheels on the Bus
user-c8c7558b-f,"Twinkle, Twinkle, Little Star"
user-a9060f0b-a,Old MacDonald Had a Farm
user-3562d947-a,Mary Had a Little Lamb
user-24744520-d,Für Elise
user-f1459437-c,Mary Had a Little Lamb
user-3894facd-3,Ode to Joy 
user-bf7e1c0e-5,Take Me Out to the Ball Game
user-fbb91b55-f,"Twinkle, Twinkle, Little Star"
user-c8c7558b-f,"Row, Row, Row Your Boat"
user-e6c91bfe-b,Ode to Joy 
user-afa12e07-8,Over the Rainbow
user-39699269-5,Ode to Joy 
user-64055c58-4,"Row, Row, Row Your Boat"
user-ca531c2c-5,Happy Birthday to You
user-08bdcb93-1,"Row, Row, Row Your Boat"
user-b68364b9-d,Happy Birthday to You
user-c99a011c-6,Für Elise
user-017d80a6-e,The Wheels on the Bus
user-63b4a383-0,Ode to Joy 
user-9c83e5f5-b,Ode to Joy 
user-96eec0f7-a,Happy Birthday to You
user-905851c8-3,Mary Had a Little Lamb
user-c0f27258-6,Over the Rainbow
user-c8172006-a,Take Me Out to the Ball Game
user-dd3d34db-8,Old MacDonald Had a Farm
user-5e3efcf0-f,Happy Birthday to You
user-8a4ee384-7,"Twinkle, Twinkle, Little Star"
user-623695b7-e,Over the Rainbow
user-054bd303-f,"Twinkle, Twinkle, Little Star"
user-5e3efcf0-f,The Wheels on the Bus
user-5f1862f4-7,Mary Had a Little Lamb
user-59acf8af-c,"Twinkle, Twinkle, Little Star"
user-27f5fab7-f,Happy Birthday to You
user-5e792f77-6,Take Me Out to the Ball Game
user-9609f56b-2,Ode to Joy 
user-45ffa687-b,Happy Birthday to You
user-9ada7d26-3,Happy Birthday to You
user-c48cd5b2-1,"Twinkle, Twinkle, Little Star"
user-e8338661-8,Mary Had a Little Lamb
user-f0523b45-3,Over the Rainbow
user-ad49775a-b,Over the Rainbow
user-b68364b9-d,Over the Rainbow
user-5e792f77-6,"Twinkle, Twinkle, Little Star"
user-406868e7-7,Happy Birthday to You
user-83b0302d-5,Ode to Joy 
user-323ac977-a,Für Elise
user-73bdb562-0,Take Me Out to the Ball Game
user-a4004d0b-4,Old MacDonald Had a Farm
user-f1459437-c,Take Me Out to the Ball Game
user-ce37db21-b,Ode to Joy 
user-c843e89e-a,Happy Birthday to You
user-ce37db21-b,"Row, Row, Row Your Boat"
user-eb720619-0,"Twinkle, Twinkle, Little Star"
user-24744520-d,"Row, Row, Row Your Boat"
user-27f5fab7-f,"Row, Row, Row Your Boat"
user-92034270-0,Für Elise
user-11b8d029-5,Happy Birthday to You
user-e6a9f26a-7,Old MacDonald Had a Farm
user-5e3efcf0-f,Over the Rainbow
user-b24b48d3-e,Ode to Joy 
user-8b6adbac-e,Over the Rainbow
user-63b4a383-0,"Twinkle, Twinkle, Little Star"
user-d99d20eb-e,Take Me Out to the Ball Game
user-b7191217-f,Take Me Out to the Ball Game
user-461f7567-f,Happy Birthday to You
user-76762fd5-c,Happy Birthday to You
user-e2e9ac82-a,Take Me Out to the Ball Game
user-32d54525-7,"Row, Row, Row Your Boat"
user-77a06ff8-4,"Row, Row, Row Your Boat"
user-67067d9b-d,Happy Birthday to You
user-ca15c1f4-7,Old MacDonald Had a Farm
user-4a12c6b7-0,"Twinkle, Twinkle, Little Star"
user-320782c0-b,"Row, Row, Row Your Boat"
user-d6025b83-8,Ode to Joy 
user-b57a0653-1,Happy Birthday to You
user-f8ffa8d9-6,Für Elise
user-d65ca568-9,Mary Had a Little Lamb
user-d7c2ecc8-a,Mary Had a Little Lamb
user-55825503-0,The Wheels on the Bus
user-8b6aa3d3-a,Für Elise
user-07d99885-2,Ode to Joy 
user-24744520-d,Over the Rainbow
user-fbb91b55-f,The Wheels on the Bus
user-67067d9b-d,Mary Had a Little Lamb
user-34d465bc-f,Old MacDonald Had a Farm
user-43c59b38-b,Take Me Out to the Ball Game
user-4351ce97-c,"Twinkle, Twinkle, Little Star"
user-b2b5ac60-d,The Wheels on the Bus
user-731edaf1-2,Old MacDonald Had a Farm
user-8217e412-7,"Row, Row, Row Your Boat"
user-f11107db-f,Happy Birthday to You
user-23fe50a3-6,Ode to Joy 
user-d65ca568-9,Old MacDonald Had a Farm
user-a7323c15-1,Old MacDonald Had a Farm
user-9e313383-d,Take Me Out to the Ball Game
user-c544841a-3,Happy Birthday to You
user-6892d882-1,The Wheels on the Bus
user-4e676b53-e,Ode to Joy 
user-5ca02cb1-1,Ode to Joy 
user-57b67c6a-1,Mary Had a Little Lamb
user-0493c555-1,The Wheels on the Bus
user-20ac4070-7,Take Me Out to the Ball Game
user-401387d1-e,Old MacDonald Had a Farm
user-8b6adbac-e,"Row, Row, Row Your Boat"
user-731edaf1-2,Für Elise
user-c843e89e-a,"Row, Row, Row Your Boat"
user-28e92cec-5,Take Me Out to the Ball Game
user-872da30c-f,Happy Birthday to You
user-b72f9466-5,Over the Rainbow
user-64e2236d-3,Over the Rainbow
user-c037990b-8,Mary Had a Little Lamb
user-43e8862e-5,"Row, Row, Row Your Boat"
user-32039b5f-7,Mary Had a Little Lamb
user-930e6a9c-9,Over the Rainbow
user-54815173-1,Old MacDonald Had a Farm
user-ad49775a-b,Für Elise
user-ed2a0c75-0,Mary Had a Little Lamb
user-4519be28-3,"Row, Row, Row Your Boat"
user-8c658e22-9,Mary Had a Little Lamb
user-ec64f464-2,Over the Rainbow
user-60f8ef8a-2,"Row, Row, Row Your Boat"
user-81873eea-0,Mary Had a Little Lamb
user-4b1bcb42-7,"Row, Row, Row Your Boat"
user-6bd89837-d,The Wheels on the Bus
user-45ffa687-b,"Row, Row, Row Your Boat"
user-9790199b-3,"Twinkle, Twinkle, Little Star"
user-a2fdbf4f-a,Over the Rainbow
user-8b6adbac-e,Mary Had a Little Lamb
user-31bca4ce-d,Old MacDonald Had a Farm
user-faf5eea1-0,Take Me Out to the Ball Game
user-b53f1379-0,Ode to Joy 
user-7512e1e5-4,"Twinkle, Twinkle, Little Star"
user-1650f725-6,The Wheels on the Bus
user-f32fd164-a,"Row, Row, Row Your Boat"
user-d99d20eb-e,Happy Birthday to You
user-4351ce97-c,Over the Rainbow
user-60571133-6,The Wheels on the Bus
user-c265d188-b,Mary Had a Little Lamb
user-dbb1d648-9,"Twinkle, Twinkle, Little Star"
user-63883a89-9,"Twinkle, Twinkle, Little Star"
user-94e09d5b-f,Take Me Out to the Ball Game
user-71bab029-2,The Wheels on the Bus
user-9482ec38-9,Ode to Joy 
user-2aa5aa7d-9,Happy Birthday to You
user-07d99885-2,Old MacDonald Had a Farm
user-d326b869-0,Old MacDonald Had a Farm
user-d989977d-4,"Twinkle, Twinkle, Little Star"
user-a7323c15-1,Happy Birthday to You
user-e60aa181-e,Happy Birthday to You
user-4519be28-3,Ode to Joy 
user-9c9563a5-2,Für Elise
user-1cb3333d-b,Take Me Out to the Ball Game
user-018ec9c0-1,Happy Birthday to You
user-ca15c1f4-7,Mary Had a Little Lamb
user-c76be8c1-b,Take Me Out to the Ball Game
user-4c6bf919-2,Mary Had a Little Lamb
user-dd3d34db-8,Ode to Joy 
user-037c5a10-8,Ode to Joy 
user-0787d31e-9,Take Me Out to the Ball Game
user-43e8862e-5,"Twinkle, Twinkle, Little Star"
user-b8b0b985-d,"Row, Row, Row Your Boat"
user-63883a89-9,Old MacDonald Had a Farm
user-ca531c2c-5,Happy Birthday to You
user-c76be8c1-b,Ode to Joy 
user-9790199b-3,"Twinkle, Twinkle, Little Star"
user-14c3d575-a,Old MacDonald Had a Farm
user-eb9e5032-4,Take Me Out to the Ball Game
user-b2bfbef7-4,Ode to Joy 
user-158f583a-0,Happy Birthday to You
user-930e6a9c-9,Für Elise
user-c2573ede-a,Mary Had a Little Lamb
user-564fb96d-d,Für Elise
user-da929360-2,Happy Birthday to You
user-55f82feb-e,The Wheels on the Bus
user-12a25085-7,Ode to Joy 
user-5e792f77-6,The Wheels on the Bus
user-27ef2845-e,Ode to Joy 
user-4a6aca6f-2,Mary Had a Little Lamb
user-ba64584b-d,The Wheels on the Bus
user-a9060f0b-a,"Twinkle, Twinkle, Little Star"
user-afe52765-f,Mary Had a Little Lamb
user-46f88bfb-f,Ode to Joy 
user-e500cca2-3,Old MacDonald Had a Farm
user-331876b9-7,Mary Had a Little Lamb
user-078fa49e-7,Old MacDonald Had a Farm
user-017d80a6-e,The Wheels on the Bus
user-3614ec4e-c,Over the Rainbow
user-92034270-0,Over the Rainbow
user-55f82feb-e,Take Me Out to the Ball Game
user-e500cca2-3,"Twinkle, Twinkle, Little Star"
user-ea17bb0e-a,The Wheels on the Bus
user-28e92cec-5,Old MacDonald Had a Farm
user-3562d947-a,Over the Rainbow
user-a4c77729-d,Ode to Joy 
user-c0f27258-6,The Wheels on the Bus
user-8cae4b1a-0,Happy Birthday to You
user-0eda3fa2-9,Ode to Joy 
user-43c59b38-b,"Twinkle, Twinkle, Little Star"
user-a9060f0b-a,Mary Had a Little Lamb
user-e6a9f26a-7,"Twinkle, Twinkle, Little Star"
user-8d02d2d6-e,Happy Birthday to You
user-11175241-7,Happy Birthday to You
user-0920c613-4,Mary Had a Little Lamb
user-1b2173ce-8,Ode to Joy 
user-94522ead-8,"Twinkle, Twinkle, Little Star"
user-85dde83d-f,Mary Had a Little Lamb
user-158f583a-0,"Row, Row, Row Your Boat"
user-bbb30e4e-7,Take Me Out to the Ball Game
user-0793e44c-5,Ode to Joy 
user-4b1bcb42-7,Take Me Out to the Ball Game
user-32d54525-7,"Row, Row, Row Your Boat"
user-fe3cf437-a,Für Elise
user-1650f725-6,"Row, Row, Row Your Boat"
user-24bf630f-1,"Row, Row, Row Your Boat"
user-ae9fb50b-4,"Row, Row, Row Your Boat"
user-e60aa181-e,Ode to Joy 
user-c99a011c-6,The Wheels on the Bus
user-11b8d029-5,The Wheels on the Bus
user-401387d1-e,Old MacDonald Had a Farm
user-72427d55-f,Ode to Joy 
user-3a51e8a7-8,Mary Had a Little Lamb
user-f816e198-e,Old MacDonald Had a Farm
user-2e94268b-3,Ode to Joy 
user-ae9fb50b-4,The Wheels on the Bus
user-ad49775a-b,"Twinkle, Twinkle, Little Star"
user-037c5a10-8,Take Me Out to the Ball Game
user-de3f7f3a-c,Mary Had a Little Lamb
user-8da10393-a,Take Me Out to the Ball Game
user-23fe50a3-6,Mary Had a Little Lamb
user-3ea81f47-b,Take Me Out to the Ball Game
user-2037c2c4-5,The Wheels on the Bus
user-1602954f-8,"Twinkle, Twinkle, Little Star"
user-08bdcb93-1,"Twinkle, Twinkle, Little Star"
user-9a87c1fb-0,Over the Rainbow
user-46f88bfb-f,Für Elise
user-db732eaf-1,Happy Birthday to You
user-a4c77729-d,"Row, Row, Row Your Boat"
user-a2fdbf4f-a,"Row, Row, Row Your Boat"
user-c44a941e-0,The Wheels on the Bus
user-ea4a07af-a,"Twinkle, Twinkle, Little Star"
user-3e6a3d99-9,Over the Rainbow
user-c39f10d2-d,Für Elise
user-5f1862f4-7,Take Me Out to the Ball Game
user-bd181ebb-6,Für Elise
user-c843e89e-a,The Wheels on the Bus
user-0793e44c-5,Over the Rainbow
user-323ac977-a,The Wheels on the Bus
user-20bf7267-c,Take Me Out to the Ball Game
user-16f21412-9,Over the Rainbow
user-6bd89837-d,Happy Birthday to You
user-0fb32d80-f,Ode to Joy 
user-817e5383-5,"Twinkle, Twinkle, Little Star"
user-b792233d-4,Take Me Out to the Ball Game
user-f7eb59dc-8,Happy Birthday to You
user-ec8472dc-d,"Row, Row, Row Your Boat"
user-a682f9d9-a,"Row, Row, Row Your Boat"
user-2e94268b-3,Mary Had a Little Lamb
user-638f542f-f,The Wheels on the Bus
user-75668277-d,"Row, Row, Row Your Boat"
user-f7eb59dc-8,The Wheels on the Bus
user-2e94268b-3,Take Me Out to the Ball Game
user-49cee5d2-3,Old MacDonald Had a Farm
user-4b1bcb42-7,"Twinkle, Twinkle, Little Star"
user-64055c58-4,Ode to Joy 
user-fc987ed7-4,Over the Rainbow
user-d36194e2-e,Für Elise
user-ce7d37f1-d,Für Elise
user-100de583-2,Happy Birthday to You
user-930e6a9c-9,Take Me Out to the Ball Game
user-c6675f29-e,The Wheels on the Bus
user-ce37db21-b,Take Me Out to the Ball Game
user-e60aa181-e,Ode to Joy 
user-45430433-c,"Row, Row, Row Your Boat"
user-cde75179-d,"Twinkle, Twinkle, Little Star"
user-a7628487-b,Mary Had a Little Lamb
user-9e102c32-3,Over the Rainbow
user-e93cbc3c-8,The Wheels on the Bus
user-d17bb035-5,Over the Rainbow
user-a2b8fb90-8,Take Me Out to the Ball Game
user-e6d5e43c-1,"Twinkle, Twinkle, Little Star"
user-fba35049-1,"Twinkle, Twinkle, Little Star"
user-6dbf2024-e,Ode to Joy 
user-1be48135-3,"Row, Row, Row Your Boat"
user-fbb91b55-f,Ode to Joy 
user-2aa5aa7d-9,Mary Had a Little Lamb
user-158f583a-0,Für Elise
user-afe8c416-d,Happy Birthday to You
user-e4214318-b,The Wheels on the Bus
user-c0f27258-6,Mary Had a Little Lamb
user-8ec4be97-8,"Twinkle, Twinkle, Little Star"
user-94e09d5b-f,"Row, Row, Row Your Boat"
user-54d18370-8,"Row, Row, Row Your Boat"
user-5ba316ce-e,Over the Rainbow
user-0493c555-1,Happy Birthday to You
user-1b292c65-2,Happy Birthday to You
user-c0f27258-6,Mary Had a Little Lamb
user-8d02d2d6-e,Over the Rainbow
user-9cd2cd3b-e,Happy Birthday to You
user-da7f969d-3,Over the Rainbow
user-571400f5-9,Take Me Out to the Ball Game
user-196f39bf-a,Over the Rainbow
user-76762fd5-c,Ode to Joy 
user-ad49775a-b,Old MacDonald Had a Farm
user-6682dd7c-0,Old MacDonald Had a Farm
user-631e55d7-0,Old MacDonald Had a Farm
user-92034270-0,Over the Rainbow
user-5953ead8-7,"Row, Row, Row Your Boat"
user-a2b8fb90-8,Ode to Joy 
user-b6d304cc-b,Für Elise
user-30a4c2a0-e,"Row, Row, Row Your Boat"
user-6edb4c1e-f,Mary Had a Little Lamb
user-8a4ee384-7,Ode to Joy 
user-64e2236d-3,Für Elise
user-02b53b20-3,Mary Had a Little Lamb
user-9c8b0c93-b,Für Elise
user-8638c212-4,"Row, Row, Row Your Boat"
user-0787d31e-9,"Row, Row, Row Your Boat"
user-2382126a-e,The Wheels on the Bus
user-9df97ee5-4,Happy Birthday to You
user-72427d55-f,Happy Birthday to You
user-b744efbc-a,"Twinkle, Twinkle, Little Star"
user-2f8605a6-1,Ode to Joy 
user-3e6a3d99-9,"Twinkle, Twinkle, Little Star"
user-dc8b351c-d,Mary Had a Little Lamb
user-92034270-0,Old MacDonald Had a Farm
user-e5c9a5fc-5,The Wheels on the Bus
user-0493c555-1,"Twinkle, Twinkle, Little Star"
user-28e92cec-5,"Twinkle, Twinkle, Little Star"
user-df7f5eb8-b,Old MacDonald Had a Farm
user-dbb1d648-9,Ode to Joy 
user-505f17d7-3,Mary Had a Little Lamb
user-43e8862e-5,Ode to Joy 
user-c2573ede-a,Old MacDonald Had a Farm
user-a9060f0b-a,Over the Rainbow
user-83b0302d-5,"Twinkle, Twinkle, Little Star"
user-b792233d-4,Take Me Out to the Ball Game
user-f131b1ad-c,The Wheels on the Bus
user-f8ffa8d9-6,Mary Had a Little Lamb
user-c7810109-6,Happy Birthday to You
user-9609f56b-2,Ode to Joy 
user-a68cec48-2,Für Elise
user-a2a9c49b-8,Mary Had a Little Lamb
user-fbb91b55-f,Old MacDonald Had a Farm
user-d2d7f0e3-f,Mary Had a Little Lamb
user-c44a941e-0,The Wheels on the Bus
user-afe52765-f,"Twinkle, Twinkle, Little Star"
user-da929360-2,"Twinkle, Twinkle, Little Star"
user-03523305-c,"Row, Row, Row Your Boat"
user-b6f75b1e-2,Take Me Out to the Ball Game
user-03d316ba-c,"Twinkle, Twinkle, Little Star"
user-f2efec41-8,Over the Rainbow
user-1c7ec2cf-2,Over the Rainbow
user-35cff8a7-8,The Wheels on the Bus
user-9b30f5b5-f,"Row, Row, Row Your Boat"
user-d6c8d1fe-1,Mary Had a Little Lamb
user-018ec9c0-1,Take Me Out to the Ball Game
user-a3993040-a,Happy Birthday to You
user-c6675f29-e,"Row, Row, Row Your Boat"
user-00ecc8cd-d,Mary Had a Little Lamb
user-1eb0d8ba-1,The Wheels on the Bus
user-4519be28-3,Take Me Out to the Ball Game
user-fba35049-1,Ode to Joy 
user-b7191217-f,Take Me Out to the Ball Game
user-406868e7-7,Ode to Joy 
user-302cde0e-0,Mary Had a Little Lamb
user-20ac4070-7,Happy Birthday to You
user-3894facd-3,Over the Rainbow
user-22add431-2,Take Me Out to the Ball Game
user-dd10c650-2,The Wheels on the Bus
user-a500699b-5,Happy Birthday to You
user-9c9563a5-2,The Wheels on the Bus
user-26acc0fc-5,Ode to Joy 
user-eb9e5032-4,"Twinkle, Twinkle, Little Star"
user-12a25085-7,Für Elise
user-4cd9e730-d,Happy Birthday to You
user-825e4f36-4,The Wheels on the Bus
user-f11107db-f,Ode to Joy 
user-461f7567-f,Ode to Joy 
user-6065a3c5-a,Old MacDonald Had a Farm
user-1602954f-8,Für Elise
user-a500699b-5,"Row, Row, Row Your Boat"
user-24bf630f-1,Over the Rainbow
user-ec64f464-2,Mary Had a Little Lamb
user-8638c212-4,"Row, Row, Row Your Boat"
user-a78c64b7-2,The Wheels on the Bus
user-d6294766-1,Mary Had a Little Lamb
user-17b44612-f,Ode to Joy 
user-61cd486e-0,Over the Rainbow
user-cd0b0303-f,"Twinkle, Twinkle, Little Star"
user-e6a9f26a-7,Happy Birthday to You
user-e0af183c-9,Für Elise
user-0c6fb774-5,Old MacDonald Had a Farm
user-8da10393-a,Old MacDonald Had a Farm
user-5ca02cb1-1,Over the Rainbow
user-7a232fb0-7,Ode to Joy 
user-a68cec48-2,Old MacDonald Had a Farm
user-a2b8fb90-8,Happy Birthday to You
user-721e0699-7,"Twinkle, Twinkle, Little Star"
user-11175241-7,Over the Rainbow
user-1c50f97f-5,"Twinkle, Twinkle, Little Star"
user-3066c4ea-d,Happy Birthday to You
user-350af80e-6,"Twinkle, Twinkle, Little Star"
user-31bca4ce-d,Take Me Out to the Ball Game
user-dd3d34db-8,Over the Rainbow
user-a7628487-b,The Wheels on the Bus
user-ba64584b-d,Für Elise
user-bbb30e4e-7,"Twinkle, Twinkle, Little Star"
user-96eec0f7-a,"Row, Row, Row Your Boat"
user-c8e4d7e5-c,"Row, Row, Row Your Boat"
user-8638c212-4,Over the Rainbow
user-fc825c0e-2,The Wheels on the Bus
user-8217e412-7,"Twinkle, Twinkle, Little Star"
user-d7c2ecc8-a,Mary Had a Little Lamb
user-fe4c7fdf-5,Mary Had a Little Lamb
user-d74c4d0c-5,Ode to Joy 
user-c8172006-a,Für Elise
user-a478e5a9-2,Happy Birthday to You
user-6edb4c1e-f,Für Elise
user-32039b5f-7,Happy Birthday to You
user-f0523b45-3,Ode to Joy 
user-76762fd5-c,Over the Rainbow
user-100de583-2,Old MacDonald Had a Farm
user-f3cc9225-4,Old MacDonald Had a Farm
user-2f8605a6-1,Für Elise
user-f7eb59dc-8,"Twinkle, Twinkle, Little Star"
user-14e70285-a,Take Me Out to the Ball Game
user-461f7567-f,Over the Rainbow
user-b7191217-f,Für Elise
user-bf7e1c0e-5,Ode to Joy 
user-6065a3c5-a,Ode to Joy 
user-638f542f-f,Over the Rainbow
user-f76bb598-6,Old MacDonald Had a Farm
user-a4004d0b-4,Ode to Joy 
user-6bd89837-d,Für Elise
user-c544841a-3,The Wheels on the Bus
user-acdd7b0c-f,Take Me Out to the Ball Game
user-872da30c-f,Mary Had a Little Lamb
user-d7c2ecc8-a,Ode to Joy 
user-0460bedc-2,The Wheels on the Bus
user-ec8472dc-d,Für Elise
user-ab32f5c1-7,Für Elise
user-5ca02cb1-1,"Row, Row, Row Your Boat"
user-ddd363df-4,"Twinkle, Twinkle, Little Star"
user-b7059c17-9,Over the Rainbow
user-9cb52227-c,The Wheels on the Bus
user-e35f7537-c,Mary Had a Little Lamb
user-67a5e194-c,"Row, Row, Row Your Boat"
user-fbb91b55-f,Für Elise
user-35cff8a7-8,Ode to Joy 
user-a2b8fb90-8,Happy Birthday to You
user-054bd303-f,Für Elise
user-0793e44c-5,"Twinkle, Twinkle, Little Star"
user-5f1862f4-7,Happy Birthday to You
user-0460bedc-2,Old MacDonald Had a Farm
user-3f578269-7,The Wheels on the Bus
user-776f70e4-f,Mary Had a Little Lamb
user-fc825c0e-2,Happy Birthday to You
user-f3cc9225-4,Over the Rainbow
user-c8c7558b-f,"Twinkle, Twinkle, Little Star"
user-c2599211-1,Mary Had a Little Lamb
user-d17bb035-5,The Wheels on the Bus
user-85dde83d-f,"Twinkle, Twinkle, Little Star"
user-72427d55-f,Für Elise
user-e86461ac-6,Take Me Out to the Ball Game
user-ed2a0c75-0,Take Me Out to the Ball Game
user-5f1862f4-7,Take Me Out to the Ball Game
user-cde75179-d,"Twinkle, Twinkle, Little Star"
user-58b6a790-7,Für Elise
user-ca15c1f4-7,Happy Birthday to You
user-9482ec38-9,Für Elise
user-edd2d523-e,Ode to Joy 
user-c2573ede-a,Take Me Out to the Ball Game
user-6892d882-1,Ode to Joy 
user-3feeb075-6,Old MacDonald Had a Farm
user-f2efec41-8,Take Me Out to the Ball Game
user-63600b31-d,The Wheels on the Bus
user-a7628487-b,Für Elise
user-c4582a39-f,Mary Had a Little Lamb
user-0c6fb774-5,Mary Had a Little Lamb
user-ed2a0c75-0,Take Me Out to the Ball Game
user-54d18370-8,Für Elise
user-3f578269-7,The Wheels on the Bus
user-81873eea-0,"Twinkle, Twinkle, Little Star"
user-018ec9c0-1,"Twinkle, Twinkle, Little Star"
user-fdcfefb3-1,The Wheels on the Bus
user-5901a73d-e,Mary Had a Little Lamb
user-12a25085-7,Old MacDonald Had a Farm
user-ec64f464-2,Mary Had a Little Lamb
user-be49e40c-6,"Twinkle, Twinkle, Little Star"
user-43c59b38-b,Für Elise
user-46f88bfb-f,Take Me Out to the Ball Game
user-a9060f0b-a,Take Me Out to the Ball Game
user-302cde0e-0,Happy Birthday to You
user-d6294766-1,Happy Birthday to You
user-631e55d7-0,Old MacDonald Had a Farm
user-8b6adbac-e,"Row, Row, Row Your Boat"
user-b6a37257-f,Old MacDonald Had a Farm
user-73c5894a-9,Für Elise
user-571400f5-9,The Wheels on the Bus
user-a682f9d9-a,Für Elise
user-cd0b0303-f,Für Elise
user-f555f4d0-4,Over the Rainbow
user-8b6adbac-e,"Twinkle, Twinkle, Little Star"
user-0a2379aa-1,Mary Had a Little Lamb
user-64e2236d-3,The Wheels on the Bus
user-406868e7-7,Ode to Joy 
user-473f545c-4,"Row, Row, Row Your Boat"
user-08bdcb93-1,Old MacDonald Had a Farm
user-2026ddc8-4,Mary Had a Little Lamb
user-d91daafa-5,Old MacDonald Had a Farm
user-30a4c2a0-e,Take Me Out to the Ball Game
user-3f578269-7,Happy Birthday to You
user-82a12205-6,Ode to Joy 
user-8cae4b1a-0,Ode to Joy 
user-be49e40c-6,Take Me Out to the Ball Game
user-c5dc82a6-4,Ode to Joy 
user-7b1da18d-8,"Row, Row, Row Your Boat"
user-1650f725-6,Happy Birthday to You
user-ec64f464-2,Ode to Joy 
user-d9c9a210-e,The Wheels on the Bus
user-6edb4c1e-f,The Wheels on the Bus
user-0fb32d80-f,Happy Birthday to You
user-9790199b-3,Mary Had a Little Lamb
user-ca531c2c-5,Mary Had a Little Lamb
user-f4fc000b-1,"Twinkle, Twinkle, Little Star"
user-c44a941e-0,"Row, Row, Row Your Boat"
user-a2a9c49b-8,Ode to Joy 
user-f1ae46ec-c,Over the Rainbow
user-c823d1c7-3,Take Me Out to the Ball Game
user-196f39bf-a,Mary Had a Little Lamb
user-f2088bea-a,Over the Rainbow
user-a12205ec-3,"Row, Row, Row Your Boat"
user-db732eaf-1,Für Elise
user-4e384c7b-b,"Twinkle, Twinkle, Little Star"
user-8638c212-4,"Row, Row, Row Your Boat"
user-1b292c65-2,The Wheels on the Bus
user-d36194e2-e,Mary Had a Little Lamb
user-f8ffa8d9-6,Take Me Out to the Ball Game
user-e86461ac-6,Ode to Joy 
user-43e8862e-5,Ode to Joy 
user-d17bb035-5,Ode to Joy 
user-b2bfbef7-4,Ode to Joy 
user-825e4f36-4,Over the Rainbow
user-a500699b-5,The Wheels on the Bus
user-8f1da684-f,Ode to Joy 
user-bb476612-5,Mary Had a Little Lamb
user-f2f6e240-e,"Row, Row, Row Your Boat"
user-d6025b83-8,Take Me Out to the Ball Game
user-d989977d-4,"Twinkle, Twinkle, Little Star"
user-32d54525-7,"Row, Row, Row Your Boat"
user-f7e29603-b,"Twinkle, Twinkle, Little Star"
user-158f583a-0,Old MacDonald Had a Farm
user-da929360-2,Für Elise
user-ea4a07af-a,Ode to Joy 
user-b6a37257-f,Für Elise
user-40025fb7-5,"Row, Row, Row Your Boat"
user-c03b50da-a,Take Me Out to the Ball Game
user-e357904f-0,Happy Birthday to You
user-28e92cec-5,Old MacDonald Had a Farm
user-0493c555-1,Happy Birthday to You
user-a9ef7ff2-f,Take Me Out to the Ball Game
user-9cd2cd3b-e,Ode to Joy 
user-fe509502-6,Mary Had a Little Lamb
user-89af6a10-0,"Twinkle, Twinkle, Little Star"
user-0a2379aa-1,Take Me Out to the Ball Game
user-fe3cf437-a,"Twinkle, Twinkle, Little Star"
user-eb9e5032-4,Over the Rainbow
user-35cff8a7-8,Take Me Out to the Ball Game
user-3894facd-3,Ode to Joy 
user-e93cbc3c-8,Over the Rainbow
user-b9603268-5,"Twinkle, Twinkle, Little Star"
user-ea4a07af-a,Für Elise
user-2ecff062-9,"Twinkle, Twinkle, Little Star"
user-b2b5ac60-d,"Twinkle, Twinkle, Little Star"
user-406868e7-7,Mary Had a Little Lamb
user-73bdb562-0,"Twinkle, Twinkle, Little Star"
user-fbb91b55-f,Happy Birthday to You
user-2ecff062-9,Für Elise
user-8cae4b1a-0,Over the Rainbow
user-572d2095-2,Happy Birthday to You
user-8b6aa3d3-a,Old MacDonald Had a Farm
user-a12205ec-3,Mary Had a Little Lamb
user-f2088bea-a,Old MacDonald Had a Farm
user-31bca4ce-d,Over the Rainbow
user-55f82feb-e,The Wheels on the Bus
user-da7f969d-3,The Wheels on the Bus
user-e0af183c-9,Happy Birthday to You
user-b6721004-b,The Wheels on the Bus
user-100de583-2,Take Me Out to the Ball Game
user-90c4a8ca-9,Old MacDonald Had a Farm
user-c76307da-0,Mary Had a Little Lamb
user-bf7e1c0e-5,Ode to Joy 
user-b53f1379-0,Mary Had a Little Lamb
user-ad49775a-b,"Twinkle, Twinkle, Little Star"
user-0ae99418-1,Für Elise
user-b5de5644-1,Für Elise
user-7a232fb0-7,The Wheels on the Bus
user-df7f5eb8-b,Take Me Out to the Ball Game
user-39762ebb-4,"Row, Row, Row Your Boat"
user-0fa5c79f-6,Over the Rainbow
user-f816e198-e,Happy Birthday to You
user-d7c2ecc8-a,"Twinkle, Twinkle, Little Star"
user-7b1da18d-8,"Twinkle, Twinkle, Little Star"
user-8217e412-7,Mary Had a Little Lamb
user-28e92cec-5,The Wheels on the Bus
user-12a25085-7,Ode to Joy 
user-0eda3fa2-9,Mary Had a Little Lamb
user-00ecc8cd-d,Happy Birthday to You
user-f9e44060-0,Take Me Out to the Ball Game
user-92f33bcf-4,Old MacDonald Had a Farm
user-e6c91bfe-b,Take Me Out to the Ball Game
user-8638c212-4,Happy Birthday to You
user-3b40024b-f,Ode to Joy 
user-9f17ccf0-4,Old MacDonald Had a Farm
user-8ec4be97-8,"Twinkle, Twinkle, Little Star"
user-30377996-8,"Twinkle, Twinkle, Little Star"
user-0787d31e-9,Take Me Out to the Ball Game
user-6e6a090c-2,Over the Rainbow
user-f2efec41-8,Ode to Joy 
user-8cb99a12-2,The Wheels on the Bus
user-9c9563a5-2,Old MacDonald Had a Farm
user-776363a8-1,Over the Rainbow
user-27ef2845-e,Für Elise
user-8f1da684-f,Take Me Out to the Ball Game
user-ff6b1884-d,Take Me Out to the Ball Game
user-45457b45-9,The Wheels on the Bus
user-fe509502-6,Take Me Out to the Ball Game
user-401387d1-e,Over the Rainbow
user-e86461ac-6,Ode to Joy 
user-63b4a383-0,Für Elise
user-9790199b-3,The Wheels on the Bus
user-d91daafa-5,Mary Had a Little Lamb
user-63883a89-9,Happy Birthday to You
user-0eda3fa2-9,Happy Birthday to You
user-f76bb598-6,"Twinkle, Twinkle, Little Star"
user-ec64f464-2,Old MacDonald Had a Farm
user-bb476612-5,Old MacDonald Had a Farm
user-8f1da684-f,Happy Birthday to You
user-20e4883b-3,Happy Birthday to You
user-27ef2845-e,Für Elise
user-d989977d-4,Over the Rainbow
user-ea526c47-e,"Row, Row, Row Your Boat"
user-b744efbc-a,Ode to Joy 
user-a12205ec-3,Happy Birthday to You
user-fadeea8a-c,"Twinkle, Twinkle, Little Star"
user-1be48135-3,Old MacDonald Had a Farm
user-406868e7-7,Take Me Out to the Ball Game
user-ce37db21-b,"Row, Row, Row Your Boat"
user-15a11fbb-0,Old MacDonald Had a Farm
user-f2f6e240-e,Ode to Joy 
user-0b06a9ce-5,"Row, Row, Row Your Boat"
user-dd3d34db-8,Mary Had a Little Lamb
user-46f88bfb-f,Old MacDonald Had a Farm
user-a9ef7ff2-f,Take Me Out to the Ball Game
user-e500cca2-3,"Twinkle, Twinkle, Little Star"
user-5c60ba9e-8,Happy Birthday to You
user-ce37db21-b,Old MacDonald Had a Farm
user-a7628487-b,"Twinkle, Twinkle, Little Star"
user-5430368a-1,Ode to Joy 
user-fc987ed7-4,"Row, Row, Row Your Boat"
user-0c9db2b7-6,The Wheels on the Bus
user-94d483d5-5,Ode to Joy 
user-7b1da18d-8,"Twinkle, Twinkle, Little Star"
user-8a4ee384-7,Für Elise
user-c2573ede-a,"Twinkle, Twinkle, Little Star"
user-a7628487-b,Für Elise
user-1cd1a52f-4,"Twinkle, Twinkle, Little Star"
user-b58b5fe3-f,The Wheels on the Bus
user-4e384c7b-b,Für Elise
user-ad49775a-b,"Twinkle, Twinkle, Little Star"
user-a42ca63b-6,Old MacDonald Had a Farm
user-31434f5b-d,Happy Birthday to You
user-0b06a9ce-5,Für Elise
user-0d216505-c,The Wheels on the Bus
user-a12205ec-3,Over the Rainbow
user-ddd363df-4,Old MacDonald Had a Farm
user-18c80026-d,Für Elise
user-d17bb035-5,Mary Had a Little Lamb
user-4c6bf919-2,Ode to Joy 
user-d91daafa-5,Für Elise
user-57a2310f-4,"Row, Row, Row Your Boat"
user-fde20bde-8,Happy Birthday to You
user-e500cca2-3,Old MacDonald Had a Farm
user-c2599211-1,Old MacDonald Had a Farm
user-03d316ba-c,"Row, Row, Row Your Boat"
user-1602954f-8,The Wheels on the Bus
user-1b292c65-2,Old MacDonald Had a Farm
user-4cd9e730-d,Old MacDonald Had a Farm
user-9cb52227-c,Take Me Out to the Ball Game
user-473f545c-4,"Row, Row, Row Your Boat"
user-817e5383-5,Mary Had a Little Lamb
user-6edb4c1e-f,The Wheels on the Bus
user-4351ce97-c,Für Elise
user-54d18370-8,"Twinkle, Twinkle, Little Star"
user-f1ae46ec-c,Mary Had a Little Lamb
user-5dd9f8eb-a,Old MacDonald Had a Farm
user-d91daafa-5,Für Elise
user-f7e29603-b,"Twinkle, Twinkle, Little Star"
user-9c83e5f5-b,Ode to Joy 
user-19314873-f,The Wheels on the Bus
user-0793e44c-5,Take Me Out to the Ball Game
user-11175241-7,Ode to Joy 
user-bf7e1c0e-5,Ode to Joy 
user-9e102c32-3,Ode to Joy 
user-a682f9d9-a,Mary Had a Little Lamb
user-dc5d86f3-a,"Row, Row, Row Your Boat"
user-ddd363df-4,Mary Had a Little Lamb
user-cf2b2857-2,Ode to Joy 
user-20e4883b-3,The Wheels on the Bus
user-b7191217-f,Für Elise
user-90c4a8ca-9,Für Elise
user-a2b8fb90-8,Für Elise
user-57b67c6a-1,Old MacDonald Had a Farm
user-63883a89-9,The Wheels on the Bus
user-b6f75b1e-2,Take Me Out to the Ball Game
user-c1104aa9-e,Old MacDonald Had a Farm
user-8cb99a12-2,Take Me Out to the Ball Game
user-cf2b2857-2,Take Me Out to the Ball Game
user-d9c9a210-e,"Twinkle, Twinkle, Little Star"
user-dc5d86f3-a,Over the Rainbow
user-28d8c8b2-d,The Wheels on the Bus
user-fcadc868-1,Old MacDonald Had a Farm
user-c76307da-0,"Row, Row, Row Your Boat"
user-20e4883b-3,The Wheels on the Bus
user-03d316ba-c,Take Me Out to the Ball Game
user-e27e3dfe-4,Over the Rainbow
user-92034270-0,The Wheels on the Bus
user-9054a313-f,"Twinkle, Twinkle, Little Star"
user-f5bd8dd9-5,The Wheels on the Bus
user-7de32862-4,Happy Birthday to You
user-872da30c-f,Mary Had a Little Lamb
user-30a4c2a0-e,"Twinkle, Twinkle, Little Star"
user-2026ddc8-4,"Twinkle, Twinkle, Little Star"
user-9e102c32-3,Für Elise
user-623695b7-e,Take Me Out to the Ball Game
user-4a6aca6f-2,"Row, Row, Row Your Boat"
user-b9a1d9f4-f,Take Me Out to the Ball Game
user-ea87a62a-5,"Twinkle, Twinkle, Little Star"
user-15a11fbb-0,Ode to Joy 
user-350af80e-6,Over the Rainbow
user-bb476612-5,"Twinkle, Twinkle, Little Star"
user-e6c1468b-5,"Twinkle, Twinkle, Little Star"
user-9c9563a5-2,Ode to Joy 
user-59acf8af-c,Take Me Out to the Ball Game
user-f131b1ad-c,Mary Had a Little Lamb
user-60136f45-9,Mary Had a Little Lamb
user-b419d5ef-6,"Row, Row, Row Your Boat"
user-e500cca2-3,Over the Rainbow
user-55638c0d-3,Mary Had a Little Lamb
user-dd10c650-2,Old MacDonald Had a Farm
user-58b6a790-7,"Row, Row, Row Your Boat"
user-edd2d523-e,Für Elise
user-350af80e-6,Take Me Out to the Ball Game
user-b58b5fe3-f,The Wheels on the Bus
user-3562d947-a,Mary Had a Little Lamb
user-f9e44060-0,The Wheels on the Bus
user-d989977d-4,Happy Birthday to You
user-c99a011c-6,"Row, Row, Row Your Boat"
user-0c9db2b7-6,Für Elise
user-0a4c7474-1,"Twinkle, Twinkle, Little Star"
